filename,label,bin_pixel_ratio,sacs_autour_ratio,bin_surrounding_diversity,file_size,width,height,avg_red,avg_green,avg_blue,brightness,contrast_level,edge_density,color_diversity,saturation,hue_dominance,auto_classification,confidence,is_correct
0000811427.jpg,pleine,0.6062102177554439,0.034308323047081646,0.0029148165300062656,52554,600,398,135.64226968174205,133.79354690117253,133.2961850921273,134.2440005583473,59.300994873046875,0.175500418760469,0.7940274011940225,28.237838745117188,55.239131927490234,full,0.5,0
00511_01.jpg,pleine,0.6425111111111111,0.05371947639988877,0.0011002383849834131,62852,600,600,128.48248333333333,130.2067,127.46479166666667,128.71799166666668,50.74852752685547,0.1674138888888889,0.7510226430319837,20.76361656188965,43.23939895629883,full,0.5,0
00874_01.jpg,pleine,0.6093555555555555,0.012659378891810149,0.0019364256561503858,64842,600,600,139.30618055555556,143.449075,140.30384722222223,141.01970092592592,51.72922134399414,0.10803472222222223,0.7911576442786392,20.89657211303711,33.95964813232422,full,0.5,0
00984_02.jpg,pleine,0.13178055555555557,0.05917573328984461,0.002161176930087228,56813,600,600,95.46808333333334,100.54311111111112,107.29383333333334,101.10167592592593,51.44424819946289,0.07829166666666666,0.7481786812957201,73.07254791259766,40.33448028564453,full,0.5,0
10086.jpeg,pleine,0.6349714285714285,0.15333311101477307,0.008759500193224268,14645,140,250,68.14002857142857,55.58665714285714,37.25474285714286,53.66047619047619,53.750736236572266,0.09995714285714286,0.6681439748522812,144.94888305664062,18.914981842041016,full,0.5591424460638137,0
1094.full.jpeg,pleine,0.5975787807974497,0.00159435179732625,0.00027609801479525233,976198,3264,2448,114.37010767593394,108.57603583457484,103.92708007937652,108.95774119662843,52.472618103027344,0.016857310990164038,0.8094560633864601,40.62708282470703,51.48967742919922,full,0.5,0
1107.full.jpeg,pleine,0.584464834238434,0.0032559002677251046,5.6820006571357284e-05,2052924,3264,2448,110.87970284365788,115.1660666870915,119.03050071386807,115.02542341487249,59.212581634521484,0.02363761834390619,0.7473782700517797,37.65225601196289,45.657020568847656,full,0.5,0
1110.full.jpeg,pleine,0.7266377526794193,0.017350973346479913,0.0003040660976786126,1314954,1456,2592,94.64677796643943,96.88267921796567,85.76315782500679,92.43087166980396,37.86257553100586,0.13208355591168092,0.7657739876633302,52.86289596557617,25.93329620361328,full,0.5,0
111e0266037427a8d0e60f07a30f61c682e3a3f9.temp.jpeg,pleine,0.48905714285714286,0.0415485543046894,0.012273987066121156,20615,140,250,136.89745714285715,140.0148,134.83165714285715,137.24797142857142,55.50380325317383,0.25507142857142856,0.8474994000086339,39.06717300415039,46.10651779174805,full,0.5,0
1222.full.jpeg,pleine,0.7740025100975461,0.009064878395794826,0.00021905341542857926,965260,1944,2592,88.46165214747498,93.51402681724076,89.1710855338363,90.38225483285068,45.404541015625,0.1669364703995834,0.7947074895829088,48.75104522705078,43.0789794921875,full,0.5,0
1281.full.jpeg,pleine,0.5640689077918749,0.06459980626977056,0.00031484816255380256,1164310,1632,1224,119.54765144415609,113.88317143646674,101.82490708701782,111.75190998921354,58.97091293334961,0.25994659505959244,0.825132218372777,59.74276351928711,45.78251647949219,full,0.5,0
1286.full.jpeg,pleine,0.6358684511657008,0.004511832712160764,9.935620694930723e-05,2786690,2336,4160,123.30884535119205,123.85405062483535,118.9613643473393,122.0414201077889,45.991844177246094,0.06238505581533193,0.8317556566220866,41.072654724121094,51.68867874145508,full,0.5,0
1309.full.jpeg,pleine,0.52093505859375,0.014764620744941342,0.0002421093309867352,1058039,2560,1440,115.71408582899305,119.40730414496528,110.79756374782986,115.30631790726274,56.67555236816406,0.13344061957465278,0.8588719198943109,60.60628890991211,46.345184326171875,full,0.5,0
1324.full.jpeg,pleine,0.6578185185185185,0.05424193313424139,0.0040662972915130905,59174,600,450,114.45146296296296,124.79622222222223,105.78536296296296,115.01101604938272,62.18954086303711,0.2196611111111111,0.7524182303960074,50.80978775024414,30.189350128173828,full,0.5,0
1375.full.jpeg,pleine,0.26510370370370373,0.031925617102260356,0.0024986171775162602,110162,450,600,114.6046925925926,122.74828148148148,117.633,118.32865802469136,63.82149124145508,0.2403888888888889,0.8506812736238153,73.0306396484375,43.19585037231445,full,0.5,0
1495.full.jpeg,pleine,0.6305484771728516,0.03590079146159579,0.000462702765557472,864392,1536,2048,112.10398928324382,113.01037534077962,119.2262372970581,114.78020064036052,58.81357192993164,0.23117780685424805,0.8012257577492264,35.81802749633789,44.421207427978516,full,0.5,0
1499.full.jpeg,pleine,0.05211887655388953,0.005477530186116625,0.0006690977217222575,1382597,3264,1836,47.34819607309154,95.3067678630548,126.86119638146653,89.83872010587096,37.06207275390625,0.011382174056986629,0.8227554945686892,164.78721618652344,12.361884117126465,full,0.5,0
1526.full.jpeg,pleine,0.491271875,9.406651913900915e-06,0.00012031848302456603,535652,1600,1200,87.2989234375,70.96140260416666,69.2839046875,75.84807690972222,16.919057846069336,0.008765625,0.6856707423457552,60.059967041015625,72.9216079711914,full,0.5,0
1582.full.jpeg,pleine,0.4508512369791667,0.03300796269498284,0.0007421935086909706,273470,1280,960,112.32986083984375,115.32130126953125,103.3833984375,110.344853515625,57.97695541381836,0.17227701822916666,0.8430466160018164,66.46023559570312,42.7649040222168,full,0.5,0
1616.full.jpeg,pleine,0.400400390625,0.022842719144463692,0.00025421514604424757,1521420,2560,1920,119.95676696777343,120.57122721354166,131.9438368733724,124.15727701822917,56.3161735534668,0.08352457682291667,0.8012430689184866,46.6754150390625,45.22408676147461,full,0.5,0
1620.full.jpeg,pleine,0.6270849087283086,0.015854823476124272,0.00024474926196184945,721716,2121,2166,66.51735013232229,70.49837595552195,61.15364122482688,66.05645577089037,43.98878479003906,0.03997596039778097,0.748587925646164,68.41815948486328,42.83130645751953,full,0.5,0
1626.full.jpeg,pleine,0.6039222081502279,0.04675821317717729,0.00038405603213693506,881283,2048,1536,114.87213770548503,118.02939033508301,110.46189816792806,114.45447540283203,59.7736701965332,0.14806111653645834,0.7919201190081557,48.81643295288086,42.44301223754883,full,0.5,0
1767.full.jpeg,pleine,0.4914206073341633,0.04266182069920388,0.0007311857625715665,127422,819,509,108.0773236804671,111.37280837477302,97.49877060289634,105.64963421937881,87.86112213134766,0.1330159689688177,0.7314380231037313,73.442626953125,26.205032348632812,full,0.5266117269872899,0
1799.full.jpeg,pleine,0.6579140691602728,0.011436098270327827,0.00021389817868591366,2955344,3264,1840,109.8783534473572,110.4004792066283,112.91514013213981,111.06465759537511,62.4078369140625,0.1539966632033248,0.7885507677262552,37.74767303466797,58.973331451416016,full,0.5,0
1802.full.jpeg,pleine,0.49900416406350123,0.02162243654780968,0.00019213213480511615,2942617,2448,3264,116.40154027297193,115.49573719142477,104.59962551963187,112.16563432800953,65.70042419433594,0.13988122056420607,0.8168574002705994,57.76462936401367,40.98134231567383,full,0.5,0
1820.full.jpeg,pleine,0.5470948923891452,0.024842569246219554,0.000165460546368141,2772394,2448,3264,111.32951043468859,111.18468445129277,99.0743761914488,107.19619035914339,62.251949310302734,0.12515262308967703,0.8280132499700876,62.23368835449219,37.304664611816406,full,0.5,0
1955.full.jpeg,pleine,0.5482542033047045,0.019129359042216666,6.980339196010349e-05,7315687,5248,3936,118.78303465199286,120.01363212892562,110.50039320050689,116.43235332714178,59.68645477294922,0.04374866383477097,0.8066116431353118,57.744014739990234,46.262367248535156,full,0.5,0
1974.full.jpeg,pleine,0.5454452514648438,0.07771008092301208,0.000248192705842005,1529448,2560,1536,102.64037144978842,104.33945490519206,97.54789454142252,101.509240298801,70.00897979736328,0.18275324503580728,0.7856671866383288,46.45946502685547,43.760536193847656,full,0.5,0
2011.full.jpeg,pleine,0.7407877604166667,0.0382188145089944,0.0023335621139327386,162771,480,640,103.57182942708333,108.48688802083333,98.39246419270833,103.48372721354167,65.82672119140625,0.22392578125,0.7604357099188931,42.045997619628906,21.788482666015625,full,0.5,0
20161220145939_192.jpg,pleine,0.45528310502283104,0.06084294331251804,0.002474394712938892,49529,600,365,147.6993287671233,150.84703196347033,149.66661643835616,149.40432572298326,74.84676361083984,0.18413698630136988,0.7933266815506089,28.05109214782715,45.8674201965332,full,0.5,0
2018.full.jpeg,pleine,0.3729706573193003,0.024253660512028753,0.0001160472019779404,2517794,2448,3264,120.70869064282167,115.7965827696479,105.4245533819124,113.97660893146066,55.39023971557617,0.1094662985189991,0.8308264496284776,58.88615798950195,40.3258056640625,full,0.5,0
2076.full.jpeg,pleine,0.5393689473470052,0.030075114173372833,0.000310828908016293,776234,2048,1536,125.61014302571614,131.8536516825358,128.57365385691324,128.67914952172174,65.71905517578125,0.13146114349365234,0.783771282898809,43.60466003417969,41.474647521972656,full,0.5,0
216f8867d7bddce25fb42080ce1da98a25160ea2.temp.jpeg,pleine,0.48729078014184396,0.07962992889463477,0.011221122112211221,21661,250,141,110.58,113.23191489361702,98.41744680851063,107.40978723404255,70.98908233642578,0.2170354609929078,0.8067720183780136,65.04232788085938,34.69218826293945,full,0.5,0
2419.full.jpeg,pleine,0.7272056579589844,0.01920528510426443,0.0004149531325256567,1517126,1536,2560,116.4296994527181,118.46282628377278,113.39695841471354,116.09649471706814,65.39143371582031,0.1430535634358724,0.6564824883685124,32.66694641113281,45.789100646972656,full,0.5,0
2457.full.jpeg,pleine,0.6062827555338541,0.011216386841294813,0.00015930892885345638,1584669,1920,2560,81.4238818359375,85.95620971679688,76.4944834391276,81.29152499728733,52.97765350341797,0.03223012288411458,0.794434300539184,57.65234375,35.2867431640625,full,0.5,0
2632.full.jpeg,pleine,0.5190752419795078,0.05024860055580331,7.873229257860009e-05,6613136,4032,3024,116.93917402512703,117.12405181497753,111.21043892576321,115.09122158862259,62.5521240234375,0.23600941148064164,0.8354326633147547,43.70709991455078,55.14090347290039,full,0.5,0
279.full.jpeg,pleine,0.7467041015625,0.037648984908439355,0.0011433436720793043,151379,1024,768,100.08737564086914,103.56450907389323,102.49243291219075,102.04810587565105,50.195648193359375,0.09495353698730469,0.7589996532908457,34.83277893066406,41.83726119995117,full,0.5,0
2ad772002e1f6587c4d0f714c01e4928a91910ac.temp.jpeg,pleine,0.19379679144385026,0.28251507321274766,0.0116098144823459,9609,250,187,79.07229946524065,58.599122994652404,66.2223743315508,67.96459893048129,66.8525390625,0.10818181818181818,0.7400772163894935,110.57950592041016,53.29766845703125,full,0.5687759807403074,0
3004.full.jpeg,pleine,0.6175718006429152,0.023568577860765518,0.00019407202668057723,3071935,3264,1836,126.31602795666197,125.18424754501474,119.24855457569738,123.5829433591247,59.1672477722168,0.16758736957473622,0.820363132488705,35.017906188964844,52.45428466796875,full,0.5,0
306f1e4a986a28535ca7a50a2302263dcb1845d4.temp.jpeg,pleine,0.7537112299465241,0.02531069658293623,0.009808429118773946,22139,187,250,125.93411764705883,124.09294117647059,119.34260962566844,123.12322281639929,50.68639373779297,0.15902673796791444,0.7937056629539517,24.388341903686523,47.473628997802734,full,0.5,0
3113.full.jpeg,pleine,0.33590710902701876,0.019454356521057172,0.0034039210552155273,206926,565,753,107.30509231510536,121.71632525943424,88.0541785659721,105.69186538017057,58.518070220947266,0.27584529140076863,0.887917443967635,122.89757537841797,31.205896377563477,full,0.5,0
3586.full.jpeg,pleine,0.4961381613159263,0.06404417843592651,0.0014753391388558934,208691,1140,641,113.64878753044859,114.69875468702959,114.11790103183074,114.15514774976964,69.37601470947266,0.20058297068724854,0.8100508352229383,49.89608383178711,52.36919021606445,full,0.5,0
3675.jpeg,pleine,0.5338723404255319,0.055498337403996116,0.011922168484984817,23980,250,188,124.35395744680851,122.48751063829788,113.36244680851064,120.06797163120568,60.543373107910156,0.23875531914893616,0.8169330397751051,45.33753204345703,38.77158737182617,full,0.5,0
3931.full.jpeg,pleine,0.42734567901234566,0.028464401883535505,0.003593618807724601,55990,360,360,135.26887345679012,121.57025462962963,101.22973765432099,119.35628858024691,46.8902587890625,0.1975,0.7870658841327018,71.55509948730469,14.466767311096191,full,0.5,0
4400.full.jpeg,pleine,0.739928049012158,0.005955001240326528,0.0012398921832884097,66533,640,1316,93.8327032674772,84.28901619490881,74.59087196048633,84.23753047429078,31.939634323120117,0.08022772606382979,0.7933085598384189,67.19662475585938,45.064910888671875,full,0.5,0
4430.full.jpeg,pleine,0.6119855967078189,0.0346856760118649,0.0033163371056667912,53632,270,360,109.45356995884774,106.29288065843622,100.4216769547325,105.38937585733882,52.02997970581055,0.24102880658436213,0.8177897494880622,46.58313751220703,47.497806549072266,full,0.5,0
4482.full.jpeg,pleine,0.3955864197530864,0.025340230799840827,0.00176417494051038,38471,270,360,115.65465020576131,106.89206790123457,95.08069958847737,105.87580589849108,58.83700180053711,0.16395576131687242,0.7862693705629127,61.30803680419922,37.802528381347656,full,0.5,0
4786.full.jpeg,pleine,0.7605319984295249,0.01941108385630701,0.005212702216896345,35798,283,360,98.08801531213192,99.12745386729486,92.27219277581469,96.49588731841382,51.867950439453125,0.19700628190027483,0.7917520168227264,40.43051528930664,40.905723571777344,full,0.5,0
4a6809da019575f7180dbac315f3596ab8599fe7.temp.jpeg,pleine,0.7306950354609929,0.0015526021612222085,0.007135101597642315,5779,141,250,107.92198581560284,107.89656737588652,100.08794326241134,105.30216548463358,30.12801170349121,0.1135886524822695,0.7242542307776847,34.296142578125,30.279407501220703,full,0.5,0
4d7b8b72cd8cfd0b7cad769e3929e0cc37ba3581.temp.jpeg,pleine,0.6666666666666666,0.07078342823483212,0.01586851799376594,22602,250,141,105.23948936170213,108.51072340425532,109.04595744680852,107.59872340425532,60.69444274902344,0.2210354609929078,0.802654160006809,43.51778793334961,48.53731155395508,full,0.5,0
5220.full.jpeg,pleine,0.5346809680968097,0.0890980334712711,0.007500635647088736,31808,202,360,144.04639713971397,141.29438943894388,137.3795104510451,140.90676567656766,58.16330337524414,0.2610767326732673,0.7999264689851098,35.55790710449219,56.72544479370117,full,0.5,0
5242.full.jpeg,pleine,0.35753575357535755,0.047591983987743704,0.0063584214527610755,21195,202,360,162.33950770077007,157.9531215621562,156.7148789878988,159.00250275027503,36.46786117553711,0.14922304730473046,0.7568712646023016,34.54474639892578,50.47095489501953,empty,0.5,0
5280.full.jpeg,pleine,0.6359567901234567,0.052775958579954776,0.0046044370029300966,49441,270,360,136.71543209876543,135.91020576131686,130.22588477366256,134.28384087791494,57.675777435302734,0.2920833333333333,0.762535306666872,35.16897964477539,46.18440628051758,full,0.5,0
5365.full.jpeg,pleine,0.7827314814814815,0.010494228174504024,0.008913230240549828,20536,360,180,100.96341049382715,104.13554012345679,101.68668209876543,102.26187757201646,48.227054595947266,0.1954783950617284,0.7913949195000248,30.711544036865234,50.47950744628906,full,0.5,0
538854bec6ec6336fd9851ae4860d367bee6f72b.temp.jpeg,pleine,0.6130780141843971,0.06275387813849352,0.010254816656308266,18329,250,141,120.5443120567376,119.65117730496453,118.92312056737589,119.70620330969267,55.23404312133789,0.23295035460992908,0.8339589422073306,39.49350357055664,50.98177719116211,full,0.5,0
59b355150e3c7.jpeg,pleine,0.591214405360134,0.021366386640076382,0.002456385205861828,162455,600,398,142.24455611390286,141.0630443886097,139.38685092127304,140.8981504745952,45.35646438598633,0.16115577889447236,0.8297940280358524,29.635042190551758,50.26691436767578,full,0.5,0
59b578137fcbe.jpeg,pleine,0.7075433526011561,0.011809895086854325,0.003884693581179204,36345,600,346,104.58894508670521,106.46285163776493,103.8262668593449,104.95935452793834,42.2977409362793,0.2075,0.7587564651172913,27.16278839111328,49.837581634521484,full,0.5,0
5b172a3fd6501.jpg,pleine,0.40665208333333336,0.092454495053216,0.0012472715933894605,52959,600,800,84.42604375,58.7535125,45.95226458333333,63.04394027777778,54.452392578125,0.10809270833333333,0.7573001210714666,122.92294311523438,53.33796691894531,full,0.5259965711805555,0
621.full.jpeg,pleine,0.28399817148844403,0.019165817201320937,0.0003217309123082182,1034138,2048,1536,117.08334477742513,123.77703825632732,135.55201053619385,125.47079785664876,54.12920379638672,0.10650078455607097,0.8342809409652023,62.33940505981445,36.335121154785156,full,0.5,0
6495.jpeg,pleine,0.6747446808510639,0.019299339234509414,0.010367016205910391,21457,188,250,98.94374468085107,93.79872340425531,83.65595744680851,92.1328085106383,47.3518180847168,0.21764893617021278,0.7575368564845971,43.52204132080078,30.666675567626953,full,0.5,0
6a38dffadada495e14875895ea6141eba765e0b1.temp.jpeg,pleine,0.5458723404255319,0.09785304506851718,0.009746862071383493,34761,250,188,93.36451063829787,88.65810638297873,73.38755319148936,85.13672340425532,65.04417419433594,0.26795744680851064,0.7860172123885195,79.32080841064453,36.649147033691406,full,0.5,0
721189.png,pleine,0.44385481852315395,0.03839800660731284,0.0016173245614035088,799740,600,799,119.2757425949103,117.9563934084272,103.54011472674176,113.59075024335975,57.51066589355469,0.201037755527743,0.8525019854149024,58.49474334716797,40.176937103271484,full,0.5,0
7625.full.jpeg,pleine,0.4648388671875,0.03434164345296936,0.00037029961941428005,278692,960,1280,102.97456298828125,102.01274007161459,85.1442431640625,96.71051540798611,53.159542083740234,0.2229296875,0.8267979630010889,65.52371978759766,34.529136657714844,full,0.5,0
81113.jpg,pleine,0.5755041666666667,0.06749180699548611,0.003056464153573918,218732,600,400,91.08695,94.02175416666667,87.98942083333333,91.03270833333333,65.24161529541016,0.21964583333333335,0.8076374638383682,60.1235466003418,40.93461608886719,full,0.5,0
838.full.jpeg,pleine,0.5395733515421549,0.04098008794967737,0.000310487518937062,1543990,1536,2048,126.05945205688477,126.25378481547038,126.27935441335042,126.19753042856853,72.21578216552734,0.13962427775065103,0.7800723678729325,33.21194839477539,53.87526321411133,full,0.5,0
847.full.jpeg,pleine,0.4331672947913478,0.033828925925129066,0.00016181315153977527,1967073,1936,2592,114.429780562889,117.01023412789512,119.73765990077543,117.05922486385317,69.04026794433594,0.14640874894781145,0.8266892523647884,39.607276916503906,46.217002868652344,full,0.5,0
848.full.jpeg,pleine,0.2662973403930664,0.10457552392433851,0.00025187293010676113,1352016,1536,2048,142.7810786565145,143.94211928049722,142.19214789072672,142.97178194257947,65.99813842773438,0.2193752924601237,0.784357870139697,61.407466888427734,41.517578125,full,0.5,0
8763.jpeg,pleine,0.5111773049645391,0.03880527899976847,0.02237136465324385,12239,141,250,142.09926241134752,142.9265815602837,143.15906382978724,142.7283026004728,88.59635162353516,0.15005673758865248,0.5592811527889382,24.125503540039062,53.86691665649414,full,0.5005141901507726,0
885.full.jpeg,pleine,0.5532454427083333,0.012404716299944224,0.0019078368065746992,153774,640,480,133.38317708333332,138.06559895833334,127.029658203125,132.82614474826389,60.910194396972656,0.20079264322916668,0.7766872455045388,41.76719665527344,31.47036361694336,full,0.5,0
8a046004d7f399893e3d85de1292c73b01e93217.temp.jpeg,pleine,0.3202340425531915,0.055277612566910404,0.008720070942950044,53056,188,250,120.68640425531915,117.94612765957447,102.6568085106383,113.7631134751773,58.86594772338867,0.30142553191489363,0.8487915896194456,72.53804016113281,39.23493957519531,full,0.5,0
952.full.jpeg,pleine,0.48482507722384643,0.016335647699925314,0.0008161996191068444,202161,1083,1083,134.2514364104361,135.99831441849997,130.24030492229016,133.49668525040875,47.55078887939453,0.13882942034582982,0.82097084201456,61.38778305053711,51.79096221923828,full,0.5,0
970.full.jpeg,pleine,0.43049375,0.0007591811068707169,0.00027947044672054394,328234,1600,1200,104.87805572916666,114.62465572916666,115.56033020833334,111.68768055555556,41.970672607421875,0.059606770833333336,0.800987121315106,48.87656784057617,29.902301788330078,full,0.5,0
995147_10151854114551754_822065801_n.jpg,pleine,0.8260473588342441,0.01769561563936533,0.005547584887613582,44798,600,366,92.70205828779599,95.52067850637523,97.6571903460838,95.29330904675167,54.91681671142578,0.24075136612021858,0.7204946793007644,23.49444007873535,46.37687301635742,full,0.5,0
asdfasf.jpeg,pleine,0.2887140439932318,0.05303984151441778,0.0018533636343578315,39812,600,394,138.75476311336718,135.49981810490695,119.86467428087987,131.37308516638467,57.22633743286133,0.20670262267343487,0.8248322003836174,47.88615417480469,36.99099349975586,full,0.5,0
AyuvD9eCYAAzSvX.jpeg,pleine,0.6868407407407408,0.03785482151566027,0.0042158516020236085,166938,600,450,129.39794444444445,130.52364444444444,128.42742592592592,129.44967160493826,48.12186050415039,0.2143537037037037,0.772189766425407,34.690399169921875,46.655460357666016,full,0.5,0
b881c47fa19dc6c21b05fb992dfd54a634bcf51a.temp.jpeg,pleine,0.39997163120567375,0.05080499425004107,0.00800078056395746,17433,250,141,138.45597163120567,135.52451063829787,132.76856737588653,135.58301654846335,54.3616828918457,0.24870921985815603,0.846303379267197,41.60771560668945,56.963748931884766,full,0.5,0
BmoaWusCMAAU75W.jpeg,pleine,0.68658014571949,0.037638376383763834,0.0023469641328657813,41557,600,366,96.06392076502732,95.32410746812386,91.60418032786885,94.33073618700668,59.768070220947266,0.20936475409836067,0.7928144677112295,36.996524810791016,51.35296630859375,full,0.5,0
C3vePcQWMAA9adR.jpeg,pleine,0.39316074950690333,0.07843423333733844,0.003316569253771918,55785,600,338,142.5804191321499,139.35375246548324,138.64406804733727,140.19274654832347,73.29743957519531,0.20397435897435898,0.7760601810603486,35.284122467041016,56.565086364746094,full,0.5,0
CetPunyWsAAmkp3.jpeg,pleine,0.35513703703703703,0.08356334981683648,0.00318671237506639,78800,600,450,84.46315555555556,96.23194074074074,108.78424444444444,96.49311358024691,62.169246673583984,0.21510925925925925,0.7991106647201,72.6738510131836,28.98503875732422,full,0.5,0
ChsWI50XIAA0HBN.jpeg,pleine,0.5916580534022394,0.06259244707405011,0.0041749558687550785,81575,600,387,117.8254091300603,114.89162360034453,108.60447459086994,113.77383577375825,60.87034606933594,0.2478875968992248,0.79646384392265,46.368499755859375,52.07378005981445,full,0.5,0
contenedor.jpg,pleine,0.40789940828402366,0.10016564431098773,0.0055365838873284974,282853,600,338,133.57521203155818,128.67464990138066,120.24681952662722,127.49889381985535,70.70217895507812,0.22345660749506904,0.8482899061060443,65.9388427734375,49.97309875488281,full,0.5,0
contenedorasdfsdf.jpg,pleine,0.40789940828402366,0.10016564431098773,0.0055365838873284974,282853,600,338,133.57521203155818,128.67464990138066,120.24681952662722,127.49889381985535,70.70217895507812,0.22345660749506904,0.8482899061060443,65.9388427734375,49.97309875488281,full,0.5,0
CXaVPqgWQAEI030.jpeg,pleine,0.5952612433862434,0.02572750464824664,0.0017556522248015137,76782,600,504,111.22782076719577,109.71640211640212,105.40657738095238,108.78360008818342,62.62302780151367,0.16695271164021164,0.7818557306928658,35.173152923583984,44.797054290771484,full,0.5,0
CxqicF5WgAARkSg.jpeg,pleine,0.46665187376725836,0.040178818196893486,0.0030943682497853904,52145,600,338,106.93091222879684,101.3035798816568,86.52533530571992,98.25327580539118,54.832061767578125,0.19805719921104536,0.8353218589027344,78.54486846923828,54.34493637084961,full,0.5,0
Czk22OOWgAACFQn.jpg,pleine,0.6532555555555556,0.04886672223267819,0.0029714187990337545,76124,600,450,112.10760740740741,114.3338074074074,111.46420740740741,112.6352074074074,58.051517486572266,0.21152037037037036,0.7898756928054658,38.10865783691406,47.38328170776367,full,0.5,0
CzLc3ygWgAAaF5z.jpeg,pleine,0.5298138056312444,0.10108489645315048,0.002230024672613399,61893,600,367,85.59708900999092,88.3316485013624,89.51227974568575,87.81367241901302,71.37942504882812,0.19416666666666665,0.7903928550149278,54.83723831176758,45.345699310302734,full,0.513874967357371,0
DSJ9Un1XUAYwjEV.jpeg,pleine,0.5889903381642512,0.03151563602750592,0.002409007593610893,31954,600,345,112.12476328502416,107.94809178743961,101.5714734299517,107.21477616747183,56.065650939941406,0.16723188405797101,0.8032327630293763,43.10243606567383,47.99229049682617,full,0.5,0
e44bc46ece8cd007a86e16f464b9efdcd07e8f7d.temp.jpeg,pleine,0.5418297872340425,0.019885266699762812,0.007783543365455893,26934,250,188,133.3326170212766,138.03659574468085,127.07855319148936,132.8159219858156,59.532955169677734,0.2255531914893617,0.7768846835748984,40.56525421142578,31.637298583984375,full,0.5,0
e8e1d8c9b1181d47b72c23e4afad5919a4b88518.temp.jpeg,pleine,0.5827234042553191,0.04274922600619195,0.010395010395010396,26385,250,188,129.05302127659576,130.84929787234043,130.1471914893617,130.0165035460993,48.96501541137695,0.259968085106383,0.8388881086004086,41.3534049987793,49.564979553222656,full,0.5,0
EGywgHpWkAAQCqF.jpeg,pleine,0.6612222222222223,0.041819771735633796,0.002868726143341473,76935,600,450,110.90572592592592,104.8644,99.47512592592592,105.08175061728394,57.97861099243164,0.22884814814814816,0.7814835210861123,41.21609878540039,49.88047790527344,full,0.5,0
ERjHjXRXsAc0lQz.jpg,pleine,0.6305395833333334,0.03780374743827462,0.0010445714925247853,157561,600,800,97.7247,95.24661041666667,87.67521458333333,93.54884166666666,55.39262390136719,0.2591875,0.7903639929324436,45.145565032958984,43.02733612060547,full,0.5,0
fe4399b2eb6d14378d93f573197217a809bef31a.temp.jpeg,pleine,0.8526382978723405,0.012964736806932347,0.016607847207805688,23175,250,188,100.24827659574468,98.73710638297872,94.66606382978723,97.88381560283688,33.375431060791016,0.14993617021276595,0.7028189919023805,21.843276977539062,27.60409927368164,full,0.5,0
imagklkes.jpeg,pleine,0.39265522875816994,0.021900565424376416,0.0024634928172860026,30233,600,408,122.80051470588235,133.1902818627451,137.98794526143791,131.32624727668846,66.48704528808594,0.10671772875816994,0.7982936768171227,45.439056396484375,32.49357604980469,full,0.5,0
img-20151212-wa0005_1_grande.jpg,pleine,0.45504748338081674,0.049351641158318006,0.0037856637222615495,31092,600,351,113.3868138651472,112.30444919278253,106.85794871794872,110.84973725862615,77.89553833007812,0.12509021842355175,0.7836660492778372,56.43204116821289,42.239810943603516,full,0.5,0
imm_demorara_cuatro_o_cinco_dias_en_levantar_basura_de_los_contenedores.jpg,pleine,0.5103508771929824,0.06316738884999401,0.002694602546124447,47837,600,399,114.49299498746868,116.44564745196324,109.67722639933166,113.53862294625452,78.01685333251953,0.13506683375104428,0.7807722156040118,55.39312744140625,36.88727951049805,full,0.5,0
WhatsApp Image 2020-05-08 at 2.16.45 PM.jpeg,pleine,0.5095021097046414,0.04944522141538146,0.0012400828600820145,67877,474,1000,129.54405907172995,129.7928924050633,131.97750632911394,130.43815260196905,62.927242279052734,0.24342616033755274,0.7951846010005927,40.77143478393555,50.98185729980469,full,0.5,0
WhatsApp Image 2020-05-08 at 2.18.57 PM (4).jpeg,pleine,0.601137037037037,0.04278814637720279,0.0021259162477578228,26229,600,450,98.52427037037037,97.77984444444445,97.3051074074074,97.86974074074074,68.23149871826172,0.1264,0.747850794626324,51.31273651123047,51.53554916381836,full,0.5,0
WhatsApp Image 2020-05-08 at 2.21.54 PM (1).jpeg,pleine,0.44287291666666667,0.05004824917885073,0.0014405990131465443,73387,600,800,125.44779791666667,116.9047125,108.32659166666667,116.89303402777777,59.516300201416016,0.2449375,0.8195276047397847,55.32041549682617,43.8089485168457,full,0.5,0
WhatsApp Image 2020-05-08 at 2.21.56 PM (4).jpeg,pleine,0.5152909270216962,0.04315454726532182,0.0032853110094422273,28638,600,338,123.50928007889546,124.12987179487179,111.29508382642997,119.64474523339908,54.56978225708008,0.23812623274161734,0.7988927497676594,55.17020034790039,50.54439163208008,full,0.5,0
WhatsApp Image 2020-05-08 at 2.21.56 PM.jpeg,pleine,0.5101,0.033896416118709104,0.0016185672789282772,115231,600,800,128.81674583333333,122.13461041666666,119.97886666666666,123.64340763888889,64.24684143066406,0.16995,0.8116118955974267,39.02934646606445,55.67057418823242,full,0.5,0
WhatsApp Image 2020-05-08 at 2.39.00 PM (2).jpeg,pleine,0.6986925925925926,0.02237580716172586,0.003231182612836298,26116,600,450,120.98882222222223,119.32862222222222,111.32355555555556,117.21366666666667,45.6681022644043,0.11961481481481481,0.7224785670509347,29.542226791381836,36.51643753051758,full,0.5,0
WhatsApp Image 2020-05-08 at 8.50.22 AM (5).jpeg,pleine,0.31963897131552915,0.0360304482661404,0.0035351854932623526,26410,600,337,166.23745796241346,164.46737388724034,160.61223541048466,163.7723557533795,51.60765075683594,0.09776211671612266,0.6837188018510861,22.80447006225586,42.16281509399414,full,0.5,0
WhatsApp Image 2020-05-10 at 5.07.36 PM (6).jpeg,pleine,0.36778654970760233,0.032189473345937754,0.001378766988378964,64605,600,570,136.36761988304093,127.48833040935672,109.17543274853801,124.34379434697856,45.27469253540039,0.1761359649122807,0.8281798774418926,56.92919158935547,27.643030166625977,full,0.5,0
WhatsApp Image 2020-05-10 at 5.07.37 PM (6).jpeg,pleine,0.5615041427660931,0.029044674095132873,0.0025184579288374197,56630,600,523,126.1722402804334,113.2359464627151,102.58713830465264,113.99844168260039,46.55195236206055,0.17075047801147228,0.7469036941196012,48.987178802490234,42.80136489868164,full,0.5,0
WhatsApp Image 2020-05-10 at 5.16.14 PM (3).jpeg,pleine,0.7915393518518519,0.010209063141158853,0.0023643855975140175,43068,600,576,115.35971064814815,117.12505208333333,116.89378182870371,116.45951485339506,36.03540802001953,0.09774884259259259,0.7529506158624998,26.877077102661133,48.1828727722168,full,0.5,0
WhatsApp Image 2020-05-11 at 12.03.54 PM (12).jpeg,pleine,0.7803020833333333,0.012088754353794957,0.0032592278544741515,32908,600,800,79.1561375,84.0746625,75.22404583333334,79.48494861111111,49.2012825012207,0.057059375,0.7286387432531959,54.00547409057617,39.445735931396484,full,0.5,0
WhatsApp Image 2020-05-11 at 12.41.23 AM (1).jpeg,pleine,0.41804483188044833,0.06574885307466187,0.0013647379938351491,33353,600,803,98.91976546284765,68.46546492320465,45.92988169364882,71.10503735990038,61.85515594482422,0.07388231631382317,0.7845472097612859,124.97955322265625,55.805110931396484,full,0.5315217275370102,0
WhatsApp Image 2020-05-11 at 8.24.43 PM (15).jpeg,pleine,0.6832167152575316,0.010510009602023676,0.0009605240367203615,54456,600,686,93.7750583090379,93.67785471331389,82.02222789115646,89.82504697116941,48.030887603759766,0.13293245869776482,0.8544406010883684,56.500553131103516,47.2675895690918,full,0.5,0
WhatsApp Image 2020-05-11 at 8.24.43 PM (7).jpeg,pleine,0.381855131698456,0.05621209827156165,0.000833242763467739,68784,600,734,108.40752951861944,104.80939146230699,85.25065849227974,99.48919315773539,51.844139099121094,0.18345481380563125,0.8373826106744098,68.24327087402344,27.717378616333008,full,0.5,0
WhatsApp Image 2020-05-12 at 9.01.11 AM (2).jpeg,pleine,0.5109499314128944,0.004787749859109164,0.0012508338892595063,36011,600,486,118.7182475994513,106.30309670781892,93.40373113854595,106.14169181527207,30.910139083862305,0.1165843621399177,0.7848838159791272,60.49041748046875,17.753482818603516,full,0.5,0
WhatsApp Image 2020-05-14 at 8.44.04 PM.jpeg,pleine,0.26457404655770184,0.12093267651888341,0.0010569195199823848,31803,600,673,106.47645121347202,65.3358444774641,39.769717682020804,70.52733779098564,51.323734283447266,0.03520307082714215,0.7760077103360551,155.91409301757812,49.253726959228516,full,0.5,0
WhatsApp Image 2020-05-15 at 6.41.48 PM.jpeg,pleine,0.4448547114985471,0.030665754673962608,0.0011483635818957986,24452,600,803,115.07056454960565,85.3593399750934,56.16117891241179,85.53036114570361,41.2671012878418,0.03368513906185139,0.7808355562772482,129.59910583496094,35.00920867919922,full,0.5,0
WhatsApp Image 2020-05-18 at 11.21.17 AM (1).jpeg,pleine,0.5408865979381443,0.02213891020326187,0.0025010194372706266,46809,600,485,135.774,123.67172508591065,118.17474914089347,125.87349140893471,50.35239028930664,0.14429209621993128,0.7256566882622535,37.514610290527344,70.65100860595703,full,0.5,0
WhatsApp Image 2020-05-18 at 11.21.18 AM (5).jpeg,pleine,0.42725430597771025,0.05475564198777483,0.0021397507329340986,88080,600,658,133.93117527862208,126.06039260385005,112.29424518743667,124.09527102330294,68.90777587890625,0.20519883485309018,0.8239050104449946,71.42765808105469,52.460025787353516,full,0.5,0
WhatsApp Image 2020-05-18 at 11.21.19 AM (3).jpeg,pleine,0.4389754964089565,0.016098308949130072,0.0011834851390220519,60517,600,789,132.4651161808196,140.80443810730884,134.97682509505702,136.08212646106182,57.64634323120117,0.1100802703844529,0.8554600966270428,41.24146270751953,34.73611831665039,full,0.5,0
WhatsApp Image 2020-05-19 at 10.25.02 AM.jpeg,pleine,0.6281031922791388,0.030153308901126313,0.002776574878365642,47915,600,449,114.1479435783222,115.64848181143282,114.34146622123237,114.71263053699579,52.262367248535156,0.1517242019302153,0.730710514820977,43.32406234741211,48.585357666015625,full,0.5,0
WhatsApp Image 2020-05-19 at 10.25.03 AM (8).jpeg,pleine,0.48639819245082405,0.022709246503861406,0.0018385277635370445,71108,600,627,124.35567517278044,114.45062732589048,94.19452950558214,111.00027733475102,50.75156021118164,0.18074162679425837,0.7891813066122668,64.03218841552734,22.204648971557617,full,0.5,0
WhatsApp Image 2020-05-20 at 5.30.07 PM (1).jpeg,pleine,0.834168618266979,0.011485284221564427,0.004103967168262654,44412,600,427,119.47020296643248,118.5935675253708,112.82605386416861,116.96327478532396,37.089515686035156,0.13347970335675255,0.6626073566095079,25.898712158203125,30.38593864440918,full,0.5,0
WhatsApp Image 2020-05-20 at 8.32.17 AM (2).jpeg,pleine,0.7004920913884007,0.00686647780662495,0.0024486407968458187,59695,600,569,121.12915348564734,111.90371411833627,108.10004393673111,113.71097051357157,28.46082878112793,0.16067809021675453,0.6873173631749132,32.76129150390625,57.38109588623047,full,0.5,0
WhatsApp Image 2020-05-24 at 5.10.04 PM.jpeg,pleine,0.529970304380104,0.009581357143259011,0.003060028026424915,24575,600,449,150.60929101707498,141.14946919079435,129.95680772086118,140.5718559762435,40.6988639831543,0.12394766146993319,0.7549479975012272,45.20229721069336,42.963958740234375,full,0.5,0
WhatsApp Image 2020-05-24 at 5.24.31 PM (10).jpeg,pleine,0.8929678714859438,0.00013846347501363654,0.0030661410424879547,27344,600,415,121.43175903614458,118.12791164658634,112.65010843373494,117.40325970548862,25.491968154907227,0.0775,0.716681349633112,19.64773941040039,16.819414138793945,full,0.5,0
WhatsApp Image 2020-05-24 at 5.24.31 PM (11).jpeg,pleine,0.8350099601593626,0.007869441998475689,0.00282200095841542,35200,600,502,138.38175630810093,139.07007304116865,134.776015936255,137.40928176184153,35.874053955078125,0.09306606905710492,0.6917157082350092,13.688143730163574,33.20780563354492,full,0.5,0
WhatsApp Image 2020-05-24 at 5.27.44 PM (1).jpeg,pleine,0.6966899766899767,0.018665441790546182,0.0029416639045409345,30152,600,286,117.99585664335665,112.77504662004662,113.35655594405594,114.70915306915307,45.39114761352539,0.16037296037296037,0.8046953612194526,38.3008918762207,62.222347259521484,full,0.5,0
WhatsApp Image 2020-05-25 at 12.48.32 AM.jpeg,pleine,0.2113107638888889,0.13630779178790817,0.0012490773860216885,29366,600,576,100.19040219907407,64.13249421296297,37.40953125,67.24414255401234,60.20008087158203,0.05029947916666667,0.7596269255302556,152.7434539794922,52.24343490600586,full,0.5383279725062995,0
WhatsApp Image 2020-06-29 at 8.55.45 AM (3).jpeg,pleine,0.6002324616023246,0.015258044486650352,0.003201544872446387,40451,600,803,134.9639207139892,116.76294728102947,107.25304898298049,119.65997232599972,52.923011779785156,0.13395703611457035,0.7192510186523149,57.53728485107422,35.188392639160156,full,0.5,0
WhatsApp Image 2020-07-01 at 9.59.38 AM (3).jpeg,pleine,0.7179295532646048,0.027411689601361894,0.0017914840525928533,43571,600,582,159.84158361970216,159.02731958762885,156.20473654066438,158.35787991599847,40.7047119140625,0.09744415807560138,0.748015094010315,14.893731117248535,42.89683532714844,full,0.5,0
WhatsApp Image 2020-07-06 at 9.41.52 AM (3).jpeg,pleine,0.452720861172977,0.02241819090710999,0.00167297701857885,18744,600,449,110.4870267260579,83.93390126206384,61.16059762435041,85.19384187082406,39.17023849487305,0.06516332590942836,0.7620158752415602,112.75505065917969,40.00090408325195,full,0.5,0
WhatsApp Image 2020-07-11 at 5.57.47 PM (13).jpeg,pleine,0.6490509803921569,0.05847002297071601,0.0034398034398034397,54210,600,425,129.06740392156863,129.18630980392157,127.24591764705882,128.499877124183,62.862728118896484,0.21346666666666667,0.7588070109818972,24.563650131225586,56.88712692260742,full,0.5,0
WhatsApp Image 2020-07-11 at 5.57.47 PM (14).jpeg,pleine,0.40286412512218966,0.03251435761760341,0.0022141997593261133,49748,600,341,101.3367008797654,96.50695992179863,75.84318670576735,91.22894916911046,58.50603485107422,0.20302297165200392,0.8002057969414235,74.68155670166016,27.259593963623047,full,0.5,0
WhatsApp Image 2020-07-11 at 5.57.48 PM (2).jpeg,pleine,0.4104239401496259,0.029939641682368345,0.003848475701780863,30205,600,401,114.3584123025769,114.5415378221114,116.57689941812136,115.15894984760321,64.0533447265625,0.14643183707398172,0.8042339110858296,58.49432373046875,54.48600769042969,full,0.5,0
WhatsApp Image 2020-07-11 at 5.57.48 PM (3).jpeg,pleine,0.642070467141726,0.0272515401907938,0.002355652285238766,67433,600,842,90.39306017418843,101.01058392715755,103.16332343626287,98.18898917920296,61.784847259521484,0.12432007125890736,0.740562495514984,55.228736877441406,27.68989372253418,full,0.5,0
WhatsApp Image 2020-07-11 at 8.43.02 PM (4).jpeg,pleine,0.49926296296296296,0.036549572765495725,0.0025240287537355625,46990,600,450,106.44824814814815,104.02458888888889,89.09566296296296,99.85616666666667,52.21643829345703,0.27244814814814816,0.8401597634921315,62.032657623291016,47.3609619140625,full,0.5,0
WhatsApp Image 2020-07-11 at 8.43.03 PM (2).jpeg,pleine,0.6505539070227497,0.015535539106394363,0.0026464409461708456,42868,600,337,106.50494065281899,100.30647873392681,88.66661721068249,98.49267886580942,44.95210647583008,0.20246538081107815,0.7954213586770286,50.509864807128906,35.6109504699707,full,0.5,0
WhatsApp Image 2020-07-11 at 8.43.04 PM (1).jpeg,pleine,0.6769773175542406,0.04261468380927461,0.002624161726115269,27517,600,338,97.9988560157791,97.02071992110454,96.17791420118343,97.06583004602236,58.12953186035156,0.22015285996055226,0.7916049077313011,44.874237060546875,56.244224548339844,full,0.5,0
WhatsApp Image 2020-07-11 at 8.43.04 PM (3).jpeg,pleine,0.5944429033749422,0.012765113100224877,0.0017232808616404309,39972,600,721,99.08598705501618,91.76189551548775,83.88533980582524,91.57774079210972,45.355655670166016,0.11826514100785945,0.8093720593191482,58.4388427734375,52.587379455566406,full,0.5,0
WhatsApp Image 2020-07-11 at 8.43.04 PM (5).jpeg,pleine,0.507425,0.08194499449944995,0.0013153703075705727,71926,600,800,117.51452708333333,112.50581458333333,102.4995125,110.83995138888889,61.53852081298828,0.24333854166666666,0.8417614762300752,58.043582916259766,40.794742584228516,full,0.5,0
WhatsApp Image 2020-07-11 at 8.43.04 PM (7).jpeg,pleine,0.552326685660019,0.06911599709898775,0.0022442948247894585,54763,600,351,97.246685660019,97.91047008547008,88.83659544159543,94.66458372902818,58.19600296020508,0.24486229819563152,0.8368698714000498,57.57366180419922,40.80861282348633,full,0.5,0
WhatsApp Image 2020-07-11 at 8.43.05 PM.jpeg,pleine,0.5755923076923077,0.06884839706854914,0.0011213624097440012,109597,600,650,106.25716153846155,103.60871794871795,91.52984615384615,100.46524188034188,56.23160934448242,0.3078230769230769,0.839366490335377,57.39999008178711,41.10296630859375,full,0.5,0
WhatsApp Image 2020-07-14 at 9.17.45 AM (1).jpeg,pleine,0.6924820788530466,0.00698726016030998,0.0027938535222510478,31581,600,558,112.14596176821983,113.91123058542414,115.33300776583035,113.7967333731581,50.72297286987305,0.056049880525686976,0.75107342595102,31.41556167602539,55.564414978027344,full,0.5,0
WhatsApp Image 2020-07-21 at 2.50.30 PM.jpeg,pleine,0.26824794433902593,0.10974155931419653,0.0022953328232593728,68148,600,527,150.27074636306136,139.34636622390892,136.75404174573055,142.12371811090028,64.92342376708984,0.2330360531309298,0.783397198159764,44.76986312866211,55.09008026123047,full,0.5,0
WhatsApp Image 2020-07-21 at 2.51.10 PM (1).jpeg,pleine,0.8306559139784946,0.01991077611160932,0.0027362725204451823,43388,600,465,122.66222222222223,120.3141182795699,115.75347311827957,119.5766045400239,42.2054328918457,0.12546236559139784,0.7039873423603109,23.782089233398438,37.5102424621582,full,0.5,0
WhatsApp Image 2020-07-21 at 2.51.10 PM.jpeg,pleine,0.2872090517241379,0.10606999304904953,0.002366547703112774,60434,600,464,144.8490948275862,136.3847665229885,133.65876077586208,138.29754070881225,66.642822265625,0.234694683908046,0.8083433906236578,47.35073471069336,53.805389404296875,full,0.5,0
WhatsApp Image 2020-07-22 at 8.09.15 AM (1).jpeg,pleine,0.5900838264299803,0.08151069450795102,0.0015081359968249768,19849,600,338,77.7508382642998,59.90323471400394,45.31679487179487,60.99028928336621,43.17767333984375,0.1198939842209073,0.7585581823036391,113.8937759399414,50.93593978881836,full,0.5,0
WhatsApp Image 2020-07-22 at 8.09.15 AM (2).jpeg,pleine,0.4073145400593472,0.1104996323387128,0.002028354257408831,23978,600,337,88.81854104846687,66.1984668644906,47.84009891196835,67.61903560830861,49.6346435546875,0.139364490603363,0.7598447627922549,118.5399398803711,51.46156692504883,full,0.5,0
WhatsApp Image 2020-07-22 at 8.09.15 AM.jpeg,pleine,0.6774134520276953,0.026690835611553547,0.0033560264646658356,23301,600,337,122.9796587537092,122.45480217606331,119.4690900098912,121.6345169798879,42.1435432434082,0.13979970326409497,0.7614926853788245,40.5511474609375,46.700504302978516,full,0.5,0
WhatsApp Image 2020-07-26 at 4.35.42 PM (1).jpeg,pleine,0.6840203403902034,0.04982987015609539,0.0013962496434308707,59952,600,803,124.19433374844334,115.43189705271897,111.92919676214197,117.18514252110143,56.25736618041992,0.19808115400581153,0.7548033526708691,38.68391799926758,56.66817855834961,full,0.5,0
WhatsApp Image 2020-07-27 at 8.58.53 AM.jpeg,pleine,0.8032151589242054,0.0106096950206922,0.0033756103955691016,35286,600,409,115.56494295028524,110.64052567237164,102.84174816625917,109.68240559630536,39.285709381103516,0.11484718826405868,0.6576827073093598,33.20610427856445,21.230609893798828,full,0.5,0
WhatsApp Image 2020-07-27 at 9.02.34 AM.jpeg,pleine,0.6951682194616977,0.015126569922561332,0.002453068918325716,53888,600,644,114.01521997929606,100.88339026915114,85.62271997929606,100.1737767425811,46.02294158935547,0.12585662525879918,0.7651555805433222,63.56282424926758,24.71471405029297,full,0.5,0
WhatsApp Image 2020-07-27 at 9.15.46 AM.jpeg,pleine,0.5416035353535353,0.036366742187219046,0.004402861860209136,28162,600,264,148.59535353535352,142.45527146464647,130.08852272727273,140.37971590909092,35.3145637512207,0.156707702020202,0.784288651518246,37.84246826171875,32.4899787902832,full,0.5,0
WhatsApp Image 2020-08-05 at 8.37.47 AM.jpeg,pleine,0.6622450142450143,0.050787470610759416,0.0021919090889744846,67465,600,585,100.94890598290598,86.93852136752136,64.71114245014245,84.1995232668566,55.959312438964844,0.18529202279202278,0.7479244356249146,85.32636260986328,43.64692687988281,full,0.5,0
WhatsApp Image 2020-08-11 at 9.54.55 AM.jpeg,pleine,0.6765836446658364,0.030601956783003575,0.0022628864857808044,55073,600,803,107.821100041511,103.8898505603985,98.21022208385222,103.30705756192057,68.14524841308594,0.18760792860107928,0.6873332204741058,34.099212646484375,63.677093505859375,full,0.5,0
WhatsApp Image 2020-08-13 at 8.57.54 AM.jpeg,pleine,0.6954628476546285,0.0344931604201657,0.002210141698600838,57172,600,803,123.1403403902034,119.40977584059776,114.05310709838108,118.8677411097274,53.67119216918945,0.20180157741801577,0.6874025216510953,31.058055877685547,44.556365966796875,full,0.5,0
WhatsApp Image 2020-08-14 at 11.32.05 AM.jpeg,pleine,0.6218888888888889,0.02553202206160123,0.0014693877551020407,62423,600,450,151.29712592592594,149.22872222222222,146.40597407407407,148.97727407407407,43.1347541809082,0.13880925925925927,0.8201116638700171,18.29865264892578,55.97913360595703,full,0.5,0
WhatsApp Image 2020-08-15 at 8.07.14 AM.jpeg,pleine,0.4378375,0.03505812942369344,0.0016175242364334119,97908,600,800,119.33338541666667,108.51279375,98.644025,108.83006805555556,54.90849304199219,0.23111354166666667,0.8063001494228463,53.32371520996094,40.90662384033203,full,0.5,0
WhatsApp Image 2020-08-20 at 9.03.05 AM (1).jpeg,pleine,0.536807720861173,0.017213417293947902,0.0027194572782034037,25840,600,449,139.22599109131403,139.54169636228656,139.8228619153675,139.53018312298937,50.78263854980469,0.12146993318485523,0.8221469994242511,35.00041580200195,52.60054397583008,full,0.5,0
WhatsApp Image 2020-08-20 at 9.03.05 AM (4).jpeg,pleine,0.621317907444668,0.036626133917672075,0.0022555421893796185,56638,600,497,136.12776324614353,138.01872904091215,138.2012038900067,137.4492320590208,47.859947204589844,0.18517605633802817,0.8181444057283324,30.009681701660156,51.58136749267578,full,0.5,0
WhatsApp Image 2020-08-21 at 10.00.14 AM (2).jpeg,pleine,0.4309430199430199,0.04955904780850076,0.00160098193558716,72497,600,585,137.24308831908832,129.2821965811966,116.96568376068376,127.83032288698955,57.72795104980469,0.2071168091168091,0.8012322786183192,48.705867767333984,45.589290618896484,full,0.5,0
WhatsApp Image 2020-08-22 at 8.08.48 AM.jpeg,pleine,0.8010913872452334,0.007632038780226594,0.004771886009900549,40271,600,507,123.27570677186061,122.50063445101907,120.36037475345168,122.04557199211045,43.006858825683594,0.10336620644312952,0.6304366737003275,19.06805992126465,45.12480545043945,full,0.5,0
WhatsApp Image 2020-08-24 at 7.55.39 AM.jpeg,pleine,0.34427881297446516,0.0001884981835629584,0.0021251475796930344,22327,600,483,136.60304002760523,104.78791925465839,45.39505175983437,95.59533701403267,29.632701873779297,0.030184610075914425,0.8440124456590373,170.4989013671875,2.433157205581665,full,0.5,0
WhatsApp Image 2020-08-25 at 12.48.12 PM (14).jpeg,pleine,0.4597416509136736,0.00045996820979208274,0.0012776336675829494,22528,600,529,122.369543163201,124.53353497164461,108.62177378701954,118.50828397395505,37.74204635620117,0.02336641461877757,0.8403606292335869,52.01827621459961,20.953893661499023,full,0.5,0
WhatsApp Image 2020-08-25 at 12.48.12 PM (7).jpeg,pleine,0.6389287851585876,0.00476619031668328,0.0024520535948857167,32680,600,557,124.76290544584081,124.50772591262717,122.3309066427289,123.8671793337323,50.28800582885742,0.0688345302214243,0.7688306429344737,42.08590316772461,38.43931198120117,full,0.5,0
WhatsApp Image 2020-08-25 at 12.56.49 PM (1).jpeg,pleine,0.8466640746500778,0.010180014917249581,0.0010191206444724837,31176,600,643,138.1912882322447,133.28524364955936,125.6619621565578,132.37949801278728,31.053428649902344,0.04782270606531882,0.7928354602620635,24.033788681030273,14.435954093933105,full,0.5,0
WhatsApp Image 2020-08-25 at 12.56.50 PM (10).jpeg,pleine,0.48531375935521015,0.0011587995423475224,0.0012526444716623984,33845,600,579,126.16801381692574,118.84736614853195,107.1740443293034,117.39647476492036,35.410125732421875,0.05776770293609672,0.8385723019755474,43.331844329833984,23.42107582092285,full,0.5,0
WhatsApp Image 2020-08-25 at 12.56.50 PM (12).jpeg,pleine,0.47241597796143253,0.014493765237898179,0.001684890997868097,41949,600,605,170.26411845730027,169.0838650137741,164.28357300275482,167.8771854912764,43.018775939941406,0.0889931129476584,0.8450942455930844,23.544002532958984,59.135372161865234,full,0.5,0
WhatsApp Image 2020-08-27 at 3.44.11 PM (11).jpeg,pleine,0.27532429558745347,0.023075800589000026,0.0022887659736791914,59540,600,627,133.56631047315258,143.2438995215311,131.764221158958,136.1914770512139,45.13566589355469,0.16260499734183945,0.8567062399203328,63.52375411987305,40.828338623046875,full,0.5,0
WhatsApp Image 2020-08-27 at 3.44.11 PM (14).jpeg,pleine,0.40242265032107416,0.0052450892774596755,0.0010665791524797966,29751,600,571,116.59199357851722,120.33382661996497,102.51680969060128,113.14754329636116,33.7150993347168,0.05722270869819031,0.7860416246691707,42.67351531982422,12.106410026550293,full,0.5,0
WhatsApp Image 2020-08-27 at 3.44.12 PM (3).jpeg,pleine,0.2573183893731839,0.009137101087537885,0.0011168756304943076,31481,600,803,117.5845309256953,113.44351598173516,90.03568493150685,107.02124394631244,53.589473724365234,0.06895496056454961,0.8030878061527223,80.06953430175781,21.54164695739746,full,0.5,0
WhatsApp Image 2020-08-27 at 3.47.01 PM (1).jpeg,pleine,0.7583522420313344,0.001940701487976157,0.0010908396738389375,37134,600,617,112.59910858995137,110.94009994597515,99.95112641815236,107.83011165135963,32.5378532409668,0.06428552133981631,0.7588548618075811,32.70011520385742,18.006662368774414,full,0.5,0
WhatsApp Image 2020-08-31 at 9.28.16 AM.jpeg,pleine,0.47395441595441595,0.04823411282425771,0.0015270447665228922,72767,600,585,131.8135413105413,130.71528205128206,118.56167521367522,127.03016619183286,48.19049835205078,0.2279002849002849,0.8298560140342796,43.555152893066406,35.392948150634766,full,0.5,0
WhatsApp Image 2020-09-22 at 11.27.31 AM.jpeg,pleine,0.528380016722408,0.03353800512575022,0.0006353591160220994,318757,1196,1600,138.90894178511707,133.41451452759196,126.471879180602,132.93177849777035,61.802249908447266,0.1831307483277592,0.79436566821844,35.82023239135742,60.61565399169922,full,0.5,0
WhatsApp Image 2020-09-24 at 12.40.15 AM.jpeg,pleine,0.5172705894648829,0.02229890022957833,0.00048426150121065375,118021,1600,1196,120.15957514632107,88.63,56.9839689590301,88.59118136845039,46.27483367919922,0.024509040551839466,0.777020548978649,132.77589416503906,33.78067398071289,full,0.5,0
WhatsApp Image 2020-09-24 at 8.49.44 AM (1).jpeg,pleine,0.6789146112040134,0.019656167347920174,0.0005806057485017847,278792,1196,1600,126.82457096571906,123.00354619565218,119.89630225752508,123.2414731396321,52.90293502807617,0.1417764945652174,0.7700806240232918,33.698516845703125,54.324745178222656,full,0.5,0
WhatsApp Image 2020-09-24 at 8.49.44 AM.jpeg,pleine,0.7099890259197325,0.013600334406526693,0.0008350680878730219,216037,1196,1600,128.22848035117056,125.42549069816053,118.7415922867893,124.13185444537346,46.264678955078125,0.08466346153846153,0.7065544972432855,30.178306579589844,40.98456954956055,full,0.5,0
WhatsApp Image 2020-09-24 at 8.49.45 AM (1).jpeg,pleine,0.716285012541806,0.010548487949789732,0.0014209761627257196,241000,1600,1196,130.34178772993312,127.77184469063545,119.2959045777592,125.80317899944258,53.79949951171875,0.10465118102006689,0.6990651052709512,30.30518341064453,33.74921417236328,full,0.5,0
WhatsApp Image 2020-09-27 at 5.35.13 PM (2).jpeg,pleine,0.8273903364116095,0.0002822226793955113,0.000613478114168277,162231,1600,1516,116.69012120712401,113.62004617414247,108.88718296503957,113.06578344876868,42.860008239746094,0.023437706134564643,0.7548610967870306,23.951629638671875,38.12811279296875,full,0.5,0
WhatsApp Image 2020-09-27 at 6.47.11 PM (3).jpeg,pleine,0.5857924888605983,0.004019937951213774,0.0005179368555965711,268605,1600,1571,128.07075469446212,139.10308521642267,132.33729392106937,133.17037794398473,50.29207992553711,0.06979610916613622,0.7683512174209972,41.968292236328125,31.46009635925293,full,0.5,0
WhatsApp Image 2020-09-27 at 6.47.11 PM (5).jpeg,pleine,0.7666276041666666,0.0020618058405353587,0.00034658938121844094,211378,1584,1600,85.36795336174242,85.69898200757575,79.4104127209596,83.49244936342592,31.531143188476562,0.031427754103535356,0.7853551219549797,41.0771369934082,32.73409652709961,full,0.5,0
WhatsApp Image 2020-09-27 at 6.47.11 PM.jpeg,pleine,0.6263372700668897,0.0008975742421573778,0.0007184190843601149,141482,1196,1600,141.0629326923077,146.55548181438127,137.06124111622074,141.55988520763657,39.96493911743164,0.02686141304347826,0.773896337207031,27.066238403320312,31.876598358154297,full,0.5,0
WhatsApp Image 2020-09-27 at 6.50.11 PM (2).jpeg,pleine,0.624125704721635,0.002610867261994854,0.0004766957297288985,180293,1600,1419,146.16948026779423,148.9657544926004,149.4757100070472,148.20364825581396,39.72694396972656,0.03720754052149401,0.7278205265312179,23.034597396850586,42.677433013916016,full,0.5,0
WhatsApp Image 2020-09-27 at 6.50.11 PM (6).jpeg,pleine,0.7789344119693806,0.004302448275482492,0.0007960624866252943,199796,1600,1437,129.47652835768963,132.16809237995824,125.45637613082812,129.03366562282534,43.0220832824707,0.047135742867084204,0.7729661129145641,31.780208587646484,36.06919479370117,full,0.5,0
WhatsApp Image 2020-09-27 at 6.50.11 PM.jpeg,pleine,0.6665499299579748,0.0014501701927940324,0.0007138486640832143,98844,1140,1052,137.19797795343874,139.65214545393903,135.39533303315324,137.41515214684367,43.112022399902344,0.04328013474751517,0.785468084680263,23.77642059326172,39.20332717895508,full,0.5,0
WhatsApp Image 2020-09-29 at 11.24.56 AM.jpeg,pleine,0.42169982394366196,0.007708318368833304,0.0003930160216744155,254577,1600,1420,134.49710035211268,134.7171778169014,121.03461707746479,130.08296508215963,47.119895935058594,0.0919650088028169,0.8192024029349325,43.09480667114258,28.591909408569336,full,0.5,0
WhatsApp Image 2020-10-02 at 11.35.04 AM.jpeg,pleine,0.6530467709720373,0.03458909387251893,0.0004262809452417477,443771,1502,1600,107.81524259320905,106.93606483022637,98.42660660785619,104.39263801043053,59.09431457519531,0.1870680758988016,0.7899030822572071,41.84239959716797,46.396690368652344,full,0.5,0
WhatsApp Image 2020-10-04 at 10.57.05 AM (1).jpeg,pleine,0.3814203125,0.03569797994856696,0.0007919851106799193,189568,1200,1600,95.85559895833333,76.20684791666666,71.54823802083334,81.20356163194444,40.10015869140625,0.052253645833333334,0.8013629385173727,79.3920669555664,65.97698974609375,full,0.5,0
WhatsApp Image 2020-10-04 at 10.57.59 AM (1).jpeg,pleine,0.508296758840667,0.03823623207113082,0.00036208591042437944,308052,1106,1152,117.81771068791441,116.15387501255776,110.78959149588106,114.92039239878441,51.83938217163086,0.2779641821127185,0.8097147419856666,48.15275192260742,49.83312225341797,full,0.5,0
WhatsApp Image 2020-10-14 at 1.29.29 PM.jpeg,pleine,0.5499127299331104,0.0176803672361581,0.0006383341338332584,294692,1196,1600,136.3438508570234,128.08844429347826,113.797027069398,126.07644073996656,49.727596282958984,0.1607018185618729,0.7721975077786644,50.72651290893555,27.946685791015625,full,0.5,0
WhatsApp Image 2020-10-14 at 1.29.31 PM.jpeg,pleine,0.5694424122073578,0.015200510849878763,0.0006378325841331551,244603,1196,1600,134.737816680602,127.34047449832777,119.11924122073579,127.06584413322184,55.05438995361328,0.12049853678929766,0.8175126077175603,39.0964241027832,47.98344039916992,full,0.5,0
WhatsApp Image 2020-10-20 at 7.28.06 PM (6).jpeg,pleine,0.6140379389632107,0.009150128201158814,0.000617370562649081,229276,1196,1600,122.78006636705686,119.72337740384616,115.86149038461538,119.45497805183946,56.27200698852539,0.11445652173913043,0.8265047646023325,40.510955810546875,50.48079299926758,full,0.5,0
WhatsApp Image 2020-10-20 at 7.28.07 PM.jpeg,pleine,0.7588241436925648,0.02060220378154227,0.00033917585485360646,242124,1596,1596,92.24741600241205,89.57508314960333,86.13537014528804,89.3192897657678,49.21938705444336,0.0688284778361945,0.7660025818062843,44.54273223876953,46.6275634765625,full,0.5,0
WhatsApp Image 2020-10-20 at 7.29.51 PM.jpeg,pleine,0.6300240384615384,0.05693898255163875,0.0005093560666988365,273400,1196,1600,99.28001829013378,97.51642506270903,91.51272052675586,96.10305462653288,61.94607162475586,0.15251228051839466,0.7426911899086738,53.263084411621094,50.877601623535156,full,0.5,0
WhatsApp Image 2020-10-26 at 9.07.50 AM (2).jpeg,pleine,0.7104854166666666,0.015101036323777756,0.0004092769440654843,192152,1600,1200,83.3670640625,81.190678125,76.5242171875,80.360653125,68.30148315429688,0.08280442708333334,0.7423463271914337,40.3149299621582,41.90739440917969,full,0.5275986145019531,0
WhatsApp Image 2020-10-26 at 9.11.28 AM (1).jpeg,pleine,0.7018817708333334,0.003508154031534561,0.0008021870151254472,199795,1600,1200,117.3133546875,96.17524479166667,71.76790677083333,95.08550208333334,53.09178924560547,0.07853151041666667,0.7636966000135541,104.24927520751953,31.628202438354492,full,0.5,0
WhatsApp Image 2020-10-26 at 9.11.28 AM (3).jpeg,pleine,0.57618125,0.007563951790130159,0.000446619093462489,227286,1600,1200,120.3422296875,103.89679739583333,84.953634375,103.06422048611111,58.98146057128906,0.0988109375,0.7886465862113053,82.07727813720703,37.98931121826172,full,0.5,0
WhatsApp Image 2020-10-27 at 9.41.00 AM (3).jpeg,pleine,0.48540551839464885,0.0076671502928092935,0.000823773228237212,110059,1196,1600,136.17133727006689,133.55743572324414,129.25906302257525,132.99594533862876,57.45975875854492,0.03285247700668896,0.7121183688376866,41.469459533691406,42.15100860595703,full,0.5,0
WhatsApp Image 2020-10-27 at 9.43.55 AM (1).jpeg,pleine,0.8853229537366548,0.0014031926219041525,0.000585666071074052,127927,1600,1405,110.52528647686833,115.50196930604982,110.17723932384342,112.06816503558719,43.07203674316406,0.033127891459074736,0.7033456296835843,34.97179412841797,33.594017028808594,full,0.5,0
WhatsApp Image 2020-11-15 at 6.49.49 PM.jpeg,pleine,0.6073932291666667,0.03133477000439754,0.000742497185696151,362321,1600,1200,111.33029947916667,106.495909375,96.32965104166666,104.71861996527778,54.618858337402344,0.22760625,0.8185038909244208,62.719482421875,50.04283905029297,full,0.5,0
WhatsApp Image 2020-11-29 at 9.20.29 PM.jpeg,pleine,0.5135336538461538,0.03610893051385041,0.0004167046475590223,85930,1196,1600,63.58655204849498,52.12347460284281,48.0477487458194,54.58592513238573,48.66759490966797,0.010910326086956522,0.6806681731429839,113.93683624267578,45.12814712524414,full,0.530111704499958,0
WhatsApp Image 2020-12-01 at 12.04.56 PM (1).jpeg,pleine,0.477771875,0.030895350095595398,0.0006422372831796489,239989,1200,1600,125.97100208333333,129.4985125,132.62448229166668,129.364665625,64.26514434814453,0.12741354166666666,0.8195960055005828,39.671661376953125,43.117347717285156,full,0.5,0
WhatsApp Image 2020-12-01 at 12.04.56 PM.jpeg,pleine,0.5499192708333334,0.03676730999221154,0.00043003059686724614,301451,1200,1600,112.67555052083334,117.006815625,115.09583333333333,114.92606649305556,64.40432739257812,0.17445052083333334,0.7890314804084481,36.46207046508789,46.17020797729492,full,0.5,0
WhatsApp Image 2020-12-01 at 9.13.22 AM.jpeg,pleine,0.671878135451505,0.019433021337526755,0.0009140895714505575,296874,1196,1600,119.93294836956522,117.70992579431439,110.02555340719064,115.88947585702341,45.00798416137695,0.14363346571906355,0.7130778907324546,37.18467330932617,46.28894805908203,full,0.5,0
WhatsApp Image 2020-12-04 at 2.48.11 PM.jpeg,pleine,0.5574791666666666,0.010339105646087733,0.0006527699203620697,147583,1600,900,130.38116736111112,139.8178125,129.57571666666666,133.25823217592594,46.05564880371094,0.06956111111111112,0.8279425527360329,36.96845626831055,28.447500228881836,full,0.5,0
WhatsApp Image 2020-12-16 at 8.56.53 AM.jpeg,pleine,0.7131155936454849,0.013478657955218338,0.0010464194757130655,214674,1196,1600,129.9036256270903,127.51312290969899,120.53248223244147,125.98307692307692,44.126224517822266,0.08390598871237458,0.7291181878510804,37.47258758544922,56.61208724975586,full,0.5,0
WhatsApp Image 2020-12-17 at 10.03.15.jpeg,pleine,0.49161770833333335,0.0330158502999776,0.0006651740103906267,202947,1200,1600,80.46425729166667,68.13322447916667,58.1507546875,68.91607881944445,46.855464935302734,0.06610885416666666,0.7080843608928444,70.24585723876953,35.328433990478516,full,0.5,0
WhatsApp Image 2020-12-17 at 10.31.08 PM (1).jpeg,pleine,0.40663278818777726,0.020736411754905353,0.0005223943947081448,143590,1373,704,122.47333207806396,145.0241208286433,152.91393266238495,140.13712852303075,41.654747009277344,0.18101846487452825,0.8071016296895441,64.06880950927734,30.777976989746094,full,0.5,0
WhatsApp Image 2020-12-18 at 9.26.07 AM.jpeg,pleine,0.7159474289297659,0.012878174520027827,0.000596118079069102,231085,1196,1600,118.10907399665552,116.58833768812708,109.89173756270903,114.86304974916388,48.20435333251953,0.11119251672240803,0.7374378778823142,31.024490356445312,48.79082107543945,full,0.5,0
WhatsApp Image 2020-12-19 at 10.08.39 AM.jpeg,pleine,0.5085289506688964,0.0023770778652668417,0.0004885830502887349,137296,1196,1600,114.0803762541806,89.80147941053512,71.29235733695653,91.72473766722408,38.31167221069336,0.04313336120401338,0.7729237620651441,110.05937194824219,43.628631591796875,full,0.5,0
WhatsApp Image 2020-12-20 at 11.28.53 AM (4).jpeg,pleine,0.48729306020066887,0.019223681104971663,0.0003150764060284619,201464,1196,1600,145.1589052048495,151.74757577341137,137.54871760033444,144.81839952619845,48.11116409301758,0.0977646843645485,0.7736750191829079,36.38920593261719,19.00823974609375,full,0.5,0
WhatsApp Image 2020-12-20 at 11.28.53 AM (5).jpeg,pleine,0.6100245610367893,0.016125274492821584,0.0006605448953956772,225158,1196,1600,114.70463053929765,110.91850282190636,101.45933685200669,109.02749007107023,50.9664306640625,0.10744800376254181,0.7300221510444327,47.59236145019531,27.44413185119629,full,0.5,0
WhatsApp Image 2020-12-20 at 7.12.45 PM (4).jpeg,pleine,0.4777190514469453,0.04132514579605121,0.0006288467347009512,272365,1244,1600,151.1261063102894,146.50303959003216,142.4303557073955,146.68650053590568,71.669921875,0.12367061897106109,0.7211334870985858,40.28782272338867,72.36101531982422,full,0.5,0
WhatsApp Image 2020-12-21 at 8.09.36 AM (1).jpeg,pleine,0.4556861413043478,0.0005048439457069093,0.0008818737575295577,107839,1196,1600,128.36206887541806,109.3368122909699,94.97698265050167,110.89195460562988,42.2196044921875,0.010394283026755853,0.8293519527618585,98.46015167236328,45.53139877319336,full,0.5,0
WhatsApp Image 2020-12-21 at 8.09.36 AM (3).jpeg,pleine,0.5032039088628762,0.001345515901594244,0.0005583418227411644,163011,1196,1600,127.57395432692307,107.982189590301,83.71174331103678,106.42262907608696,33.576534271240234,0.020236726588628764,0.7972480589371819,94.12113952636719,34.940181732177734,full,0.5,0
WhatsApp Image 2020-12-21 at 8.09.36 AM (4).jpeg,pleine,0.2777576295986622,0.0059258037180631275,0.0005472239477031384,122255,1196,1600,117.58845944816053,99.86841398411372,90.06456260451505,102.50714534559643,46.565330505371094,0.02023960075250836,0.7491607173406539,69.33287048339844,39.5208854675293,full,0.5,0
WhatsApp Image 2020-12-21 at 8.09.36 AM.jpeg,pleine,0.4488785535117057,0.0015170384027435666,0.0007935777706215209,111870,1196,1600,101.63044314381271,83.49382786371237,73.97939642558528,86.36788914437012,43.05111312866211,0.018298494983277593,0.7898911252638076,61.752323150634766,37.0062255859375,full,0.5,0
WhatsApp Image 2020-12-22 at 11.15.26 AM (1).jpeg,pleine,0.3616638795986622,0.10362614206796678,0.0020190643628272397,61926,598,800,134.4692015050167,126.50927257525083,116.18971989966555,125.72273132664436,84.37593078613281,0.22424226588628762,0.7403936335933909,60.6162109375,41.98274230957031,full,0.5,0
WhatsApp Image 2020-12-22 at 11.15.26 AM (2).jpeg,pleine,0.31249372909698997,0.13074760042100633,0.001379231625305571,63818,598,800,138.04523829431437,128.48470735785952,118.60420359531773,128.3780497491639,77.15058135986328,0.2336632525083612,0.7389700581331047,63.44849395751953,36.330482482910156,full,0.5,0
WhatsApp Image 2020-12-22 at 11.15.26 AM.jpeg,pleine,0.6510263377926422,0.05184490948773912,0.001615405325709304,60186,598,800,97.17201714046823,94.06977424749164,87.73710284280936,92.99296474358974,60.27730941772461,0.20632734113712375,0.796948918861755,56.515140533447266,50.20252990722656,full,0.5,0
WhatsApp Image 2020-12-22 at 11.16.47 AM (3).jpeg,pleine,0.32169791666666664,0.057490019241038505,0.0010915022259286966,77995,800,600,143.73662916666666,139.37584375,136.55237291666666,139.88828194444446,58.980735778808594,0.16530625,0.8499033176482602,37.066829681396484,55.76742935180664,full,0.5,0
WhatsApp Image 2020-12-22 at 11.16.47 AM (4).jpeg,pleine,0.5473895833333333,0.046347211311861744,0.001426267458062251,109212,600,800,121.48108125,120.70415625,105.68198958333333,115.9557423611111,67.09187316894531,0.257990625,0.8279896396093673,58.351158142089844,39.5101432800293,full,0.5,0
WhatsApp Image 2020-12-24 at 12.34.40 PM.jpeg,pleine,0.379953125,0.0397962627719309,0.0028402223833695916,86064,800,480,128.47497395833332,128.30040625,119.16744010416667,125.3142734375,63.167022705078125,0.11717057291666666,0.720011548120683,41.88337707519531,56.83647537231445,full,0.5,0
WhatsApp Image 2020-12-24 at 12.56.57 PM.jpeg,pleine,0.5688470066518847,0.10276245905751397,0.0017181884566372188,126930,800,451,100.90040742793792,101.18238082039912,97.69846729490023,99.92708518107908,73.25153350830078,0.1747242239467849,0.7944329613603822,50.39916229248047,42.7987060546875,full,0.5,0
WhatsApp Image 2020-12-24 at 12.57.07 PM.jpeg,pleine,0.5762472283813748,0.08578915469357197,0.0018462386332322954,130276,451,800,93.88491407982262,98.92062361419069,93.05723115299335,95.28758961566888,65.75255584716797,0.2019290465631929,0.7842325324390992,56.77668380737305,34.94034957885742,full,0.5,0
WhatsApp Image 2020-12-24 at 12.57.42 PM.jpeg,pleine,0.46116130820399115,0.10539399360198548,0.001210047057385565,116125,800,451,101.97899667405765,97.43090354767185,89.12035199556541,96.1767507390983,69.68938446044922,0.17197893569844788,0.7989098408745902,68.68425750732422,44.56755447387695,full,0.5,0
WhatsApp Image 2020-12-25 at 7.42.34 PM.jpeg,pleine,0.4391986455981941,0.10337329713365849,0.0011161426111359143,91680,800,443,112.04077313769751,107.13222065462755,107.67127257336342,108.94808878856283,72.85872650146484,0.25787104966139957,0.8361769418804091,56.76103973388672,59.528743743896484,full,0.5,0
WhatsApp Image 2020-12-26 at 12.36.51 AM (1).jpeg,pleine,0.45641458333333335,0.05517282747244508,0.0008832840676543123,70159,800,600,101.05053541666666,100.04053958333333,92.22979166666667,97.77362222222222,64.37977600097656,0.23063645833333332,0.8051512164021428,53.06755828857422,39.41187286376953,full,0.5,0
WhatsApp Image 2020-12-26 at 12.36.53 AM (6).jpeg,pleine,0.5215027777777778,0.04253512576888646,0.0020127381510380766,83186,450,800,145.83296388888888,139.32313888888888,129.25029722222223,138.13546666666667,48.7110481262207,0.2466986111111111,0.7936718800279376,40.19063186645508,43.88762664794922,full,0.5,0
WhatsApp Image 2020-12-26 at 12.36.53 AM (7).jpeg,pleine,0.3062958333333333,0.09371141408995536,0.0021630182970072335,56322,800,600,91.28967916666667,80.46126041666666,65.19360416666666,78.98151458333334,63.919246673583984,0.16026666666666667,0.7568313279546972,99.41060638427734,51.75971984863281,full,0.5110746920267741,0
WhatsApp Image 2020-12-26 at 12.36.54 AM (1).jpeg,pleine,0.3363291666666667,0.15965753273584143,0.0012930878576337397,83329,600,800,87.91364375,91.89828958333334,100.40225208333334,93.40472847222222,74.53862762451172,0.21734791666666667,0.8069081069093442,87.53189849853516,46.30350875854492,full,0.5078309175279405,0
WhatsApp Image 2020-12-26 at 12.38.06 AM (4).jpeg,pleine,0.5701125,0.028597886335474592,0.0012593604386449283,71692,600,800,140.98064583333334,140.74140625,129.36381875,137.0286236111111,45.072967529296875,0.28450625,0.8056394196087711,38.22993087768555,32.297367095947266,full,0.5,0
WhatsApp Image 2020-12-26 at 12.38.06 AM.jpeg,pleine,0.6577109375,0.047176494937273133,0.0019739826632826966,79244,800,800,118.555215625,117.7286390625,115.5314328125,117.2717625,67.45549011230469,0.189371875,0.7560179152973902,31.103412628173828,48.759620666503906,full,0.5,0
WhatsApp Image 2020-12-26 at 12.38.07 AM (3).jpeg,pleine,0.4804291666666667,0.08344535116102017,0.00130619971604354,72023,800,600,132.24731458333332,124.71177916666667,119.46490625,125.47466666666666,62.720458984375,0.240546875,0.8270143668495428,50.12522506713867,51.54924011230469,full,0.5,0
WhatsApp Image 2020-12-26 at 12.38.07 AM (4).jpeg,pleine,0.16283333333333333,0.10162658308426344,0.001232903545461878,71046,800,600,115.29935,138.28238125,135.39586041666666,129.65919722222222,57.38979721069336,0.2622260416666667,0.8139091427218818,62.075828552246094,17.187803268432617,full,0.5,0
WhatsApp Image 2020-12-26 at 12.38.09 AM (2).jpeg,pleine,0.5594269169329074,0.0445229302425501,0.0009652596728942454,65314,626,800,101.8154912140575,93.41181509584665,76.2285642971246,90.48529020234292,60.19296646118164,0.19783945686900958,0.8413495381497267,76.44039916992188,35.711212158203125,full,0.5,0
WhatsApp Image 2020-12-26 at 12.39.50 AM.jpeg,pleine,0.34963125,0.051548849513965794,0.0015719690809943517,77555,600,800,116.44665833333333,123.48279583333333,118.108525,119.34599305555555,65.14590454101562,0.250853125,0.834503976364652,68.7498779296875,41.6212043762207,full,0.5,0
WhatsApp Image 2020-12-26 at 12.39.51 AM.jpeg,pleine,0.5335395833333333,0.030308690834256767,0.0020920151963983867,43251,800,600,87.44452291666667,78.86876875,68.159175,78.15748888888889,52.074527740478516,0.11684583333333333,0.8182772243398665,96.43621063232422,41.238216400146484,full,0.5,0
WhatsApp Image 2020-12-26 at 12.39.54 AM (3).jpeg,pleine,0.45706875,0.0638327235652142,0.0016585581601061478,85645,600,800,93.12065208333334,93.66486458333334,79.05213333333333,88.61255,53.2813606262207,0.2851197916666667,0.84986305305665,84.7476806640625,39.98154067993164,full,0.5,0
WhatsApp Image 2020-12-26 at 12.39.55 AM (1).jpeg,pleine,0.16283333333333333,0.10162658308426344,0.001232903545461878,71046,800,600,115.29935,138.28238125,135.39586041666666,129.65919722222222,57.38979721069336,0.2622260416666667,0.8139091427218818,62.075828552246094,17.187803268432617,full,0.5,0
WhatsApp Image 2020-12-26 at 12.39.55 AM.jpeg,pleine,0.4804291666666667,0.08344535116102017,0.00130619971604354,72023,800,600,132.24731458333332,124.71177916666667,119.46490625,125.47466666666666,62.720458984375,0.240546875,0.8270143668495428,50.12522506713867,51.54924011230469,full,0.5,0
WhatsApp Image 2020-12-26 at 12.40.50 AM (5).jpeg,pleine,0.46372291666666665,0.06362004815057999,0.0012074478715608553,74891,600,800,110.23145625,119.72733958333333,110.53963125,113.49947569444444,54.431373596191406,0.2633666666666667,0.8363023442380152,66.59825897216797,41.3012809753418,full,0.5,0
WhatsApp Image 2020-12-26 at 12.40.51 AM (2).jpeg,pleine,0.4055875,0.07668137026197848,0.00183586047460393,78409,600,800,105.45813125,112.39794583333334,114.48730625,110.78112777777778,53.85380554199219,0.24965416666666668,0.8528399750613229,72.13969421386719,44.84800338745117,full,0.5,0
WhatsApp Image 2020-12-26 at 12.40.52 AM (5).jpeg,pleine,0.4470395833333333,0.035824055613388146,0.0012789582303868849,39185,800,600,121.98907083333333,121.3885625,122.86952291666667,122.08238541666667,60.30885696411133,0.09748333333333334,0.8642829412502919,44.82488250732422,54.17646408081055,full,0.5,0
WhatsApp Image 2020-12-26 at 12.40.52 AM (7).jpeg,pleine,0.5916481069042316,0.045541768864521714,0.001792336217552534,41419,800,449,93.90658129175947,90.26076280623607,82.28560968819599,88.81765126206385,64.25395965576172,0.16358713808463252,0.7822516767943355,53.244102478027344,42.34177780151367,full,0.5,0
WhatsApp Image 2020-12-26 at 12.43.22 AM.jpeg,pleine,0.47193901303538177,0.041576140299510574,0.0015028830818304502,98256,537,800,103.78691573556797,109.31611499068902,105.74236033519553,106.28179702048418,56.62013626098633,0.23785498137802608,0.8163884218038518,54.24875259399414,42.61564254760742,full,0.5,0
WhatsApp Image 2020-12-26 at 2.19.44 PM (3).jpeg,pleine,0.8095375,0.02989141285429404,0.002233404192341845,42267,600,800,73.34091041666667,56.8166375,42.20318541666666,57.45357777777778,42.63642883300781,0.0471875,0.7111975672941449,106.30907440185547,51.44588088989258,full,0.5,0
WhatsApp Image 2020-12-26 at 4.27.39 PM (3).jpeg,pleine,0.6655458333333333,0.06528948861294687,0.0016017371861025112,156267,800,600,90.6358375,92.7663375,85.7833625,89.7285125,55.006935119628906,0.2696375,0.7886760544163067,56.558658599853516,35.57469177246094,full,0.5,0
WhatsApp Image 2020-12-26 at 4.27.40 PM (2).jpeg,pleine,0.35289387308533915,0.05951997103761151,0.0031405062496074367,82652,800,457,127.11702407002188,137.33524343544858,140.4700738512035,134.974113785558,45.7772331237793,0.15001777899343544,0.8189590275058238,71.08700561523438,45.525489807128906,full,0.5,0
WhatsApp Image 2020-12-26 at 4.27.40 PM (3).jpeg,pleine,0.49490416666666665,0.07406724134339861,0.001674803844943615,151075,600,800,109.22787083333333,116.53755,121.72372083333333,115.82971388888889,58.402259826660156,0.22290208333333333,0.8219140348924551,59.825782775878906,39.76816940307617,full,0.5,0
WhatsApp Image 2020-12-26 at 4.27.40 PM.jpeg,pleine,0.3690619429590018,0.14371296905859118,0.0015586584404137867,128047,800,561,114.43986185383244,116.65868315508021,111.94519830659536,114.34791443850267,78.6429672241211,0.2021078431372549,0.794988242462294,60.9096794128418,44.22730255126953,full,0.5,0
WhatsApp Image 2020-12-26 at 6.48.52 PM.jpeg,pleine,0.2949148351648352,0.07969713572935731,0.0023826950928939623,293288,800,455,139.62442582417583,147.23772252747253,121.30241208791209,136.05485347985348,55.6245231628418,0.27111263736263735,0.8570219751611492,62.99947738647461,35.65522003173828,full,0.5,0
WhatsApp Image 2020-12-26 at 8.18.44 AM.jpeg,pleine,0.6338583333333333,0.04033785173999923,0.0017929103203333106,51181,800,450,119.83394722222222,118.64696388888889,116.82295277777777,118.4346212962963,59.74909210205078,0.23837916666666667,0.8139194795114373,42.11366271972656,55.34458923339844,full,0.5,0
WhatsApp Image 2020-12-26 at 8.22.50 AM.jpeg,pleine,0.8854009433962264,0.019034682736981615,0.0027063599458728013,22834,800,371,134.67591981132077,136.22262466307276,132.32767520215634,134.4087398921833,41.62954330444336,0.09329683288409704,0.7734871389943648,14.97397232055664,33.86720275878906,full,0.5,0
WhatsApp Image 2020-12-27 at 12.34.56 PM (1).jpeg,pleine,0.6222032258064516,0.020038692958946416,0.0017548720790616053,104136,775,800,114.70306451612903,128.25585,129.65095967741937,124.20329139784947,52.89350128173828,0.14498306451612902,0.7890362188011666,47.00180435180664,25.846284866333008,full,0.5,0
WhatsApp Image 2020-12-27 at 12.37.01 PM (1).jpeg,pleine,0.5063252508361205,0.010030953762816793,0.0017522160379303236,57501,598,800,111.06265677257525,127.53169523411371,111.70274456521739,116.76569885730211,44.34437561035156,0.20491220735785953,0.8434710262153848,70.20283508300781,32.40071487426758,full,0.5,0
WhatsApp Image 2020-12-28 at 11.24.37 AM.jpeg,pleine,0.602230869001297,0.016692250838592302,0.001157187010209612,82488,771,800,133.28232976653698,128.91073605706873,112.88115596627756,125.02474059662775,50.89402770996094,0.1193344682230869,0.7817795066612223,41.46622085571289,17.721534729003906,full,0.5,0
WhatsApp Image 2020-12-28 at 11.33.00 AM (3).jpeg,pleine,0.5323354166666666,0.040665948882336385,0.0017364271610816261,108682,800,600,99.04274166666667,103.58100208333333,95.94291458333333,99.52221944444445,64.4310073852539,0.17134791666666666,0.8558360627235118,66.23316192626953,43.06849670410156,full,0.5,0
WhatsApp Image 2020-12-29 at 5.02.34 PM (1).jpeg,pleine,0.6574208443271767,0.03175456342236574,0.0025168466347324837,165815,800,379,96.15898416886543,95.2421932717678,92.6315963060686,94.67759124890061,68.28133392333984,0.12808707124010554,0.735231439047807,28.72609519958496,57.62825393676758,full,0.5,0
WhatsApp Image 2020-12-29 at 5.02.34 PM (3).jpeg,pleine,0.5965435356200528,0.03231906398705514,0.0022488755622188904,131360,800,379,110.26617744063324,105.5999901055409,116.15913918205804,110.67510224274406,77.36176300048828,0.0783542216358839,0.7296369983710433,28.408267974853516,52.9286994934082,full,0.5,0
WhatsApp Image 2020-12-29 at 5.02.34 PM (6).jpeg,pleine,0.5009300791556728,0.03468072517151127,0.002659946801063979,157533,800,379,130.51479551451186,127.69544854881266,122.33176781002639,126.84733729111697,74.67316436767578,0.11700692612137203,0.7442415032006884,26.383377075195312,55.10472869873047,full,0.5,0
WhatsApp Image 2021-01-11 at 9.49.31 AM (1).jpeg,pleine,0.8088419732441472,0.009398984696197715,0.002338039678576293,44093,598,800,138.7083110367893,138.51373954849498,131.5174247491639,136.2464917781494,38.8359260559082,0.1300219481605351,0.6983644062548445,25.091217041015625,33.00080871582031,full,0.5,0
WhatsApp Image 2021-01-11 at 9.49.32 AM.jpeg,pleine,0.6021070234113712,0.024412382564835626,0.001263747951101713,55414,598,800,139.68602842809364,133.4371760033445,128.85275919732442,133.99198787625417,55.60974884033203,0.201307483277592,0.7679519518156157,30.913373947143555,58.11044692993164,full,0.5,0
WhatsApp Image 2021-01-25 at 9.00.14 AM (2).jpeg,pleine,0.5477278428093646,0.07628830231836625,0.0009740308393148817,37691,598,800,49.530733695652174,40.5033110367893,38.826030518394646,42.95335841694537,29.50266456604004,0.1095819397993311,0.6925606230193321,88.28043365478516,59.62677764892578,full,0.5,0
WhatsApp Image 2021-02-07 at 11.07.45 AM.jpeg,pleine,0.7090677257525083,0.014981868164766708,0.0024714447932669826,50096,598,800,142.70807065217392,139.55159908026755,132.94647575250835,138.4020484949833,35.057064056396484,0.1406929347826087,0.7169906051641238,25.703493118286133,54.902687072753906,full,0.5,0
00006_05.jpg,vide,0.7419777777777777,0.021149777650403965,0.001749740992287326,57434,600,600,134.62019722222223,136.91578333333334,134.18508055555554,135.2403537037037,43.44330596923828,0.1579625,0.7487837294872757,28.38005828857422,40.73213195800781,full,0.5,0
00007_00.jpg,vide,0.6207111111111111,0.00633005629846638,0.002675611996326025,43456,600,600,151.12686666666667,153.28921944444446,151.7528111111111,152.05629907407408,35.4648551940918,0.1261736111111111,0.647897555494932,10.865510940551758,41.50541305541992,empty,0.5,0
00034_07.jpg,vide,0.4095666666666667,0.0313512162250288,0.0017501640778823015,40533,600,600,105.68818333333333,112.43080833333333,116.21207777777778,111.44368981481482,56.977725982666016,0.09315972222222223,0.7600446230988481,41.38365173339844,34.005462646484375,full,0.5,0
00058_02.jpg,vide,0.48323055555555555,0.04021979244473404,0.001196464639967065,82415,600,600,109.35781388888888,113.70144722222223,102.02991388888888,108.36305833333333,51.762733459472656,0.24253055555555555,0.870167938986797,59.35417938232422,37.77119064331055,full,0.5,0
00081_06.jpg,vide,0.3279722222222222,0.018025068634392974,0.0014908684308609765,37308,600,600,131.539275,136.78563333333332,136.03194166666665,134.78561666666667,43.931007385253906,0.07425277777777778,0.8144125136347528,51.90753173828125,41.6131477355957,full,0.5,0
00081_07.jpg,vide,0.317625,0.01974767930854053,0.001557170398932226,34864,600,600,128.5756888888889,133.9540638888889,133.03068055555556,131.85347777777778,43.477455139160156,0.06480416666666666,0.7865819723899006,48.77783203125,39.87273025512695,full,0.5,0
00085_03.jpg,vide,0.516325,0.055404787540006786,0.001277438559893117,80895,600,600,107.40827777777778,111.60174722222222,111.55335833333334,110.18779444444445,55.16325378417969,0.22101944444444444,0.8145249169320967,44.400062561035156,40.662025451660156,full,0.5,0
00091_02.jpg,vide,0.4604111111111111,0.05249485173495286,0.0022697888234449073,43514,600,600,105.30801944444444,113.37490277777778,117.79258055555556,112.15850092592592,53.80632781982422,0.08156527777777778,0.7423371243487674,43.207740783691406,37.03338623046875,full,0.5,0
00091_03.jpg,vide,0.408375,0.05147551978537894,0.0026328161730136343,39328,600,600,106.90919166666667,115.26931388888889,119.32638333333334,113.83496296296296,54.1712532043457,0.08172083333333334,0.7465534400931308,46.80113220214844,40.87091064453125,full,0.5,0
00102_01.jpg,vide,0.5300111111111111,0.019442240631745974,0.0023468759618344107,40482,600,600,133.939125,136.05706388888888,136.3477472222222,135.4479787037037,54.09455871582031,0.08030833333333333,0.7825572604563004,26.122730255126953,44.44078063964844,full,0.5,0
00131_01.jpg,vide,0.6636055555555556,0.022249654428124745,0.002178855627131489,52671,600,600,122.386525,121.60209444444445,121.02338055555556,121.67066666666666,52.148460388183594,0.1291388888888889,0.7713314327643915,30.796175003051758,43.16011047363281,full,0.5,0
00140_07.jpg,vide,0.5365583333333334,0.03390861798708128,0.0015089262989492055,48944,600,600,111.08867777777778,114.63974722222223,114.98819166666667,113.57220555555556,51.05270767211914,0.10983333333333334,0.797114617271902,43.58164978027344,41.452178955078125,full,0.5,0
00152_06.jpg,vide,0.6744861111111111,0.03886817918889389,0.0011994441600234038,81424,600,600,116.73947777777778,118.18956666666666,115.18127222222222,116.70343888888888,46.62718963623047,0.2526777777777778,0.8153966415726688,35.78860092163086,45.074153900146484,full,0.5,0
00175_05.jpg,vide,0.6295916666666667,0.00967396187158653,0.002839128350724531,40704,600,600,128.03933333333333,131.62341944444444,128.482025,129.3815925925926,47.67463684082031,0.09028333333333333,0.7093409886019146,22.177553176879883,33.08110046386719,full,0.5,0
00185_01.jpg,vide,0.6486527777777777,0.03193857537510756,0.001643753735803945,62771,600,600,119.36767222222223,124.43736944444444,119.3421,121.04904722222223,47.18610763549805,0.167575,0.798005062514001,40.554691314697266,36.5156364440918,full,0.5,0
00204_00.jpg,vide,0.6897416666666667,0.07756025321811584,0.0016288302962435101,70724,600,600,122.38657222222223,127.30258888888889,121.96528888888889,123.88481666666667,56.431541442871094,0.16177083333333334,0.7052952544207354,29.536619186401367,31.989604949951172,full,0.5,0
00207_03.jpg,vide,0.6715583333333334,0.017710003220658535,0.001792943898207056,48321,600,600,130.6899388888889,132.2537111111111,129.65851944444444,130.86738981481483,44.0825309753418,0.12087361111111111,0.7370753131703537,17.662511825561523,41.26727294921875,full,0.5,0
00217_05.jpg,vide,0.7064611111111111,0.025543691380008615,0.0013735296189335774,72875,600,600,112.8959888888889,117.20531111111111,106.12159166666666,112.07429722222223,51.107566833496094,0.19170277777777778,0.8219014420978454,51.60220718383789,43.84878921508789,full,0.5,0
00279_01.jpg,vide,0.6117777777777778,0.03513199520992332,0.001193177043945887,58183,600,600,98.60996666666666,101.71335555555555,99.4857,99.93634074074075,59.555824279785156,0.15394027777777777,0.7983240242594238,34.20750427246094,41.05466842651367,full,0.5,0
00517_04.jpg,vide,0.6704138888888889,0.02964496759759821,0.0016867241542689283,61738,600,600,112.64479166666666,114.69370833333333,108.38968055555556,111.90939351851851,52.02557373046875,0.15697916666666667,0.8094987524005752,41.53777313232422,44.489044189453125,full,0.5,0
00543_02.jpg,vide,0.6276333333333334,0.03946614319689487,0.0011613514463409789,70238,600,600,117.64363055555556,117.13026666666667,116.23090555555555,117.00160092592593,49.74436569213867,0.18602083333333333,0.82207573963961,38.570709228515625,43.47712326049805,full,0.5,0
00547_06.jpg,vide,0.6979555555555556,0.05222894369474174,0.0010831950032355174,73344,600,600,114.25034722222222,113.7228,109.109825,112.36099074074075,49.018489837646484,0.19769722222222222,0.8057313318756048,33.669776916503906,43.11601257324219,full,0.5,0
00562_00.jpg,vide,0.33526944444444445,0.04592746088425934,0.001833534378769602,39634,600,600,104.58579166666667,113.7217611111111,117.70945,112.00566759259259,54.10829544067383,0.08307361111111111,0.7556302472774559,48.43464279174805,32.11632537841797,full,0.5,0
00566_03.jpg,vide,0.5741111111111111,0.04112979172293968,0.0013971047234029904,79962,600,600,117.65716944444445,120.64659166666667,119.64396944444445,119.31591018518519,46.63096618652344,0.2190777777777778,0.8479096220610376,42.60209274291992,49.37505340576172,full,0.5,0
00573_04.jpg,vide,0.5869888888888889,0.043515981106352505,0.001440266828380837,65097,600,600,97.83836388888889,102.392325,101.61307777777778,100.61458888888889,50.25941467285156,0.17200555555555555,0.7885564122507421,45.93159103393555,40.44681930541992,full,0.5,0
00595_05.jpg,vide,0.8570472222222222,0.008579614223774724,0.004602087776405882,54415,600,600,115.0393888888889,117.48702222222222,116.12604166666667,116.21748425925927,44.48640060424805,0.13159444444444446,0.7338912230877535,19.17072296142578,39.60126495361328,full,0.5,0
00605_06.jpg,vide,0.6808694444444444,0.019908863674661575,0.002139172014596703,79006,600,600,115.14551388888889,116.65032222222223,112.19384166666667,114.66322592592593,57.506011962890625,0.14170555555555556,0.79520235107743,34.50912857055664,46.438350677490234,full,0.5,0
00659_02.jpg,vide,0.6019416666666667,0.013994516722427703,0.0018819593287678394,71722,600,600,128.45984444444446,129.5248611111111,123.8539611111111,127.27955555555556,48.751556396484375,0.12608333333333333,0.7805919756917203,27.74636459350586,42.014217376708984,full,0.5,0
00663_05.jpg,vide,0.6764888888888889,0.061954348385564115,0.0013099996641026503,107784,600,600,115.48590555555556,116.61770555555556,111.58375,114.56245370370371,49.86228561401367,0.17393055555555556,0.809371864621175,33.12900161743164,46.11021041870117,full,0.5,0
00674_06.jpg,vide,0.6783972222222222,0.021473722111832717,0.0011305518169582773,100863,600,600,120.06134166666666,121.62125555555555,121.15065277777778,120.94441666666667,44.48978042602539,0.18765416666666668,0.8206406493854935,32.20615768432617,44.82149887084961,full,0.5,0
00835_06.jpg,vide,0.56575,0.04434600817131479,0.0012591199958604275,94461,600,600,120.30011111111111,123.17249444444444,115.38495833333333,119.61918796296297,56.44520568847656,0.17844722222222223,0.805010903094366,36.123023986816406,39.296600341796875,full,0.5,0
00895_02.jpg,vide,0.6490944444444444,0.012861089187056038,0.004156950217986414,55951,600,600,127.50921111111111,131.2794861111111,130.73099722222221,129.83989814814814,48.5849609375,0.08007777777777778,0.7368349416416135,23.361347198486328,43.39791488647461,full,0.5,0
00903_01.jpg,vide,0.6965972222222222,0.01811360730347124,0.0012491234221598878,86339,600,600,116.20308055555556,115.50526388888889,112.75245277777778,114.82026574074074,47.23894500732422,0.13592916666666666,0.7747865660562733,26.28540802001953,45.14228057861328,full,0.5,0
00957_07.jpg,vide,0.6363583333333334,0.040478404346478515,0.0014837452387279652,92456,600,600,134.76128055555554,137.92515277777778,137.50473333333332,136.73038888888888,51.42456817626953,0.1719277777777778,0.7847833983845527,21.38626480102539,41.840736389160156,full,0.5,0
01010_06.jpg,vide,0.6702138888888889,0.015487682165826858,0.003036034242484571,63457,600,600,124.04293333333334,125.15393055555556,123.83005,124.34230462962962,51.875423431396484,0.09174583333333333,0.7019320437785531,18.522966384887695,47.03575897216797,full,0.5,0
01010_07.jpg,vide,0.8071,0.019673545741702436,0.0019646365422396855,79134,600,600,109.06015,110.14519444444444,108.65806666666667,109.2878037037037,46.416072845458984,0.12899583333333334,0.7752107896691863,28.573488235473633,44.2470588684082,full,0.5,0
01021_03.jpg,vide,0.47229444444444446,0.03919334388544058,0.0011638342027034607,106574,600,600,124.68174722222223,132.12669444444444,133.9605611111111,130.25633425925926,47.0440559387207,0.22162777777777778,0.8558932035259209,47.29669952392578,39.20463943481445,full,0.5,0
01033_02.jpg,vide,0.39210833333333334,0.022847430108072456,0.0016270047022223812,85572,600,600,126.2104138888889,127.32482222222222,125.65708611111111,126.39744074074073,32.79725646972656,0.1907513888888889,0.7736032721902278,56.5235595703125,42.399169921875,full,0.5,0
01053_00.jpg,vide,0.4965472222222222,0.022845208005064392,0.0016730401529636712,64534,600,600,126.23583055555555,128.2028777777778,122.832525,125.75707777777778,51.315452575683594,0.10707777777777777,0.7935911643909745,36.05803680419922,46.93280029296875,full,0.5,0
01076_01.jpg,vide,0.62785,0.06206705861808021,0.0013309308325484253,90767,600,600,124.61898055555555,127.71135277777778,126.826025,126.38545277777777,53.25312423706055,0.15472916666666667,0.7884169381541598,27.288856506347656,38.467735290527344,full,0.5,0
01083_01.jpg,vide,0.5920583333333334,0.029560388778473664,0.001206955078640667,80034,600,600,124.03929722222222,125.407,123.7322638888889,124.39285370370371,58.2864990234375,0.1594875,0.8121601635452722,26.267906188964844,46.40415573120117,full,0.5,0
01092_01.jpg,vide,0.5750027777777778,0.04943241909328069,0.0010435826191314784,96872,600,600,105.21713611111112,102.24382222222222,96.58813611111111,101.34969814814815,57.309242248535156,0.1621388888888889,0.8260152981804912,52.29408264160156,44.202476501464844,full,0.5,0
01131_04.jpg,vide,0.4532527777777778,0.039906973902950914,0.0014239835181482155,106299,600,600,112.3335,118.79838333333333,118.066725,116.39953611111112,48.073177337646484,0.19846388888888888,0.8499618298720388,56.646366119384766,40.784141540527344,full,0.5,0
01193_04.jpg,vide,0.6061861111111111,0.01896394469421194,0.002131330559220542,67080,600,600,121.8739638888889,123.79005277777777,119.40365,121.68922222222223,50.91371154785156,0.11983611111111112,0.7282777819338928,26.389877319335938,46.401039123535156,full,0.5,0
01200_07.jpg,vide,0.44290833333333335,0.03106304753434768,0.001090475379110581,76092,600,600,117.13029444444444,119.53288055555555,118.61889166666667,118.42735555555555,49.60063552856445,0.12564444444444445,0.8454810935798056,49.8299674987793,44.281131744384766,full,0.5,0
01378_04.jpg,vide,0.6409638888888889,0.014942727344723069,0.0013603417858737007,73587,600,600,138.07805555555555,139.40970555555555,135.155675,137.54781203703703,38.512779235839844,0.13642361111111112,0.7824757807321474,26.580402374267578,43.396881103515625,full,0.5,0
01400_02.jpg,vide,0.5156555555555555,0.029179143559237824,0.0021441617915662968,64893,600,600,110.2012388888889,116.95033611111111,119.25152777777778,115.46770092592593,52.73532485961914,0.08496111111111111,0.788112701053871,43.053062438964844,34.31208419799805,full,0.5,0
01482_02.jpg,vide,0.6086,0.03255585835373596,0.0015416086092911565,69339,600,600,131.37796111111112,133.15928333333332,130.39893333333333,131.6453925925926,54.16653823852539,0.1114125,0.7320126866803152,19.361656188964844,41.638668060302734,full,0.5,0
01505_06.jpg,vide,0.3870472222222222,0.032162185659327526,0.0019239804022461353,64433,600,600,124.84088888888888,130.64870277777777,130.43959166666667,128.6430611111111,48.67962646484375,0.10279722222222222,0.8276554765256491,53.0263671875,40.48377227783203,full,0.5,0
01517_07.jpg,vide,0.368825,0.023149210643926124,0.0017987256486082742,50165,600,600,114.5458388888889,123.00575277777777,128.3986,121.98339722222222,57.86845016479492,0.06915138888888889,0.8008823543856326,41.234683990478516,30.74107551574707,full,0.5,0
01585_02.jpg,vide,0.6874361111111111,0.009302950229397759,0.0018196738858957434,55690,600,600,137.278675,138.32010833333334,134.01702777777777,136.5386037037037,42.31193161010742,0.08936944444444445,0.7529875956048914,20.95050621032715,39.16996765136719,full,0.5,0
01616_03.jpg,vide,0.617725,0.004211774248900259,0.00185060071086567,58704,600,600,138.0181,139.18772222222222,141.46143333333333,139.55575185185185,26.888059616088867,0.09535694444444444,0.7555259721958719,40.40964889526367,49.745426177978516,full,0.5,0
01711_00.jpg,vide,0.49841111111111114,0.01938323437190494,0.0022500453638178187,51762,600,600,142.57246111111112,144.1956,144.03875,143.60227037037038,40.37199783325195,0.06541527777777778,0.7349942951332963,38.46726989746094,45.2901725769043,full,0.5,0
01749_00.jpg,vide,0.5399083333333333,0.01072083879423329,0.0017085106999102308,61193,600,600,155.42482222222222,154.99852222222222,149.92728333333332,153.45020925925925,32.726173400878906,0.10935138888888889,0.7326373918827798,26.54573631286621,44.20806884765625,empty,0.5,0
01766_01.jpg,vide,0.6302444444444445,0.0246284931430249,0.0011477955573560193,94538,600,600,115.19146944444445,118.51724722222222,114.21464444444445,115.9744537037037,51.713897705078125,0.18273333333333333,0.8224291720209307,33.142765045166016,41.63133239746094,full,0.5,0
01785_04.jpg,vide,0.41425833333333334,0.026513040640610486,0.0013585870694477742,70502,600,600,119.4811888888889,122.75842777777778,123.62544166666666,121.95501944444445,33.835750579833984,0.13141666666666665,0.8066610210466548,61.336055755615234,48.12751007080078,full,0.5,0
01948_02.jpg,vide,0.4820361111111111,0.0265758642142406,0.0013771129232597074,55257,600,600,137.4348222222222,136.5234861111111,132.15240277777778,135.37023703703704,51.20621109008789,0.0736875,0.7681575759309387,30.866708755493164,42.57110595703125,full,0.5,0
01999_01.jpg,vide,0.4571027777777778,0.0158148354494717,0.001622525648386211,58365,600,600,132.00385,133.37394722222223,126.40693055555556,130.59490925925925,50.0678825378418,0.10280972222222222,0.804459621090662,41.408939361572266,43.098426818847656,full,0.5,0
02137_07.jpg,vide,0.4958666666666667,0.02086725586660281,0.0014263941537379344,74637,600,600,115.5482138888889,123.25354444444444,126.10153333333334,121.63443055555555,46.15739440917969,0.141475,0.8416522462802634,47.20254898071289,39.30549240112305,full,0.5,0
02248_07.jpg,vide,0.7514027777777778,0.07038767551643788,0.0011019193131917833,118179,600,600,117.87624444444444,120.10438055555555,119.23339722222222,119.07134074074074,54.105167388916016,0.22782083333333333,0.7839366413530797,21.569250106811523,39.65077590942383,full,0.5,0
02255_03.jpg,vide,0.5287416666666667,0.046760843613211305,0.001558577920692993,91212,600,600,96.35132222222222,99.67542777777778,95.3169,97.11455,57.84976577758789,0.15918055555555555,0.771573199347623,59.035282135009766,35.95743179321289,full,0.5,0
02283_03.jpg,vide,0.7238555555555556,0.002451560181501473,0.002823325008144207,51820,600,600,139.06151111111112,140.6626,138.81539166666667,139.5131675925926,36.42665100097656,0.07946388888888889,0.7344935573740443,16.285974502563477,40.902652740478516,full,0.5,0
02332_03.jpg,vide,0.28284444444444445,0.02877041168353266,0.0018224699828473414,54076,600,600,123.22349166666666,130.57845833333334,132.75056111111113,128.85083703703702,30.908353805541992,0.08586805555555556,0.7822033521842456,68.549560546875,43.98568344116211,full,0.5,0
02369_02.jpg,vide,0.5658055555555556,0.00784927986456829,0.0027055640512880837,55698,600,600,140.32325833333334,142.71519166666667,138.467925,140.502125,45.301883697509766,0.09402916666666666,0.7069377085159313,20.147314071655273,43.54899597167969,full,0.5,0
02524_07.jpg,vide,0.3202888888888889,0.039057148448967606,0.0015767634854771783,70036,600,600,115.52881944444445,119.84547222222223,116.00568333333334,117.12665833333334,44.39418411254883,0.12235416666666667,0.8360307463191641,63.470672607421875,40.63641357421875,full,0.5,0
02588_03.jpg,vide,0.629775,0.008333690083765001,0.0012502565825076042,72825,600,600,123.67686388888889,120.88008333333333,111.74926111111111,118.76873611111111,42.96261215209961,0.15345972222222223,0.7628132496258728,45.52490234375,41.86782455444336,full,0.5,0
02600_00.jpg,vide,0.5291222222222223,0.02401547917140906,0.0015832941075784159,73581,600,600,125.33952777777777,128.13271944444443,126.27592777777778,126.582725,51.9042854309082,0.11583333333333333,0.8362367932717318,49.95920181274414,41.029510498046875,full,0.5,0
02819_06.jpg,vide,0.495775,0.0319630645270499,0.0011759619541720709,78871,600,600,120.939875,125.63795277777778,125.5258861111111,124.03457129629629,50.72222137451172,0.15107083333333332,0.854107069295164,44.5788459777832,39.31818771362305,full,0.5,0
02879_06.jpg,vide,0.41349166666666665,0.021952681622669414,0.001004016064257028,100187,600,600,109.99721111111111,112.551925,110.02654722222222,110.85856111111111,47.74687576293945,0.19673333333333334,0.8704379997812954,51.79351043701172,42.977054595947266,full,0.5,0
02902_01.jpg,vide,0.3849222222222222,0.02267912558544322,0.001967740147441938,75300,600,600,111.92644444444444,118.05396388888889,116.49728611111111,115.49256481481481,40.459625244140625,0.14599583333333332,0.8434217336551788,59.621246337890625,43.566505432128906,full,0.5,0
02926_03.jpg,vide,0.7043638888888889,0.02021608562896353,0.001956859128635372,90251,600,600,122.59035,123.83286666666666,121.80098055555555,122.74139907407407,45.30744552612305,0.15844166666666668,0.7838395763161676,41.520084381103516,45.14592742919922,full,0.5,0
02997_06.jpg,vide,0.37825,0.0073275074852370645,0.0015948246815966217,63331,600,600,125.39910277777778,128.44258055555557,126.72939166666667,126.857025,33.030460357666016,0.1151625,0.8113130342436858,53.72248840332031,43.72846984863281,full,0.5,0
02997_07.jpg,vide,0.5290166666666667,0.01936719256180953,0.0015230090031038538,76361,600,600,130.197275,133.27948055555555,130.6077361111111,131.36149722222223,41.39174270629883,0.14560694444444444,0.8196759957522394,42.93252182006836,43.36655807495117,full,0.5,0
03025_01.jpg,vide,0.5278888888888889,0.06704310800211298,0.001119577568344362,88246,600,600,134.3923388888889,134.05460277777777,127.67350277777778,132.04014814814815,57.60820388793945,0.15955277777777777,0.7743094643146089,31.65594482421875,42.23699188232422,full,0.5,0
03091_00.jpg,vide,0.24256666666666668,0.03487322327121052,0.0015297399442094845,78915,600,600,147.44425555555554,145.40773055555556,137.75025,143.5340787037037,53.97303009033203,0.14744583333333333,0.8323449298491211,46.6288948059082,43.41523361206055,full,0.5,0
03120_07.jpg,vide,0.6314555555555555,0.010269581491657707,0.0022683357136856256,55372,600,600,140.43285,140.9923388888889,137.44901388888889,139.62473425925927,44.96439743041992,0.07990416666666667,0.7679681477273398,22.09647560119629,42.42840576171875,full,0.5,0
03131_01.jpg,vide,0.6051555555555556,0.012470707379973857,0.001842768488658844,60055,600,600,128.86004444444444,130.5717,128.16632222222222,129.19935555555554,46.39799118041992,0.08293611111111111,0.7515396394097242,25.608192443847656,46.69673156738281,full,0.5,0
03e3ba71-7185-41eb-ac11-16c7d9d0d234.jpeg,vide,0.4020005858230814,0.0651527371710858,0.0017665243633151774,81252,600,569,152.4624253075571,138.49091974223785,109.45667838312829,133.4700078109744,63.991119384765625,0.22189806678383128,0.8600345169160781,75.74895477294922,41.87412643432617,full,0.5,0
0e02598e-acbb-423e-912e-cf2b922b5bd7.jpeg,vide,0.5138356164383562,0.0364575215661826,0.0029008660556629953,49548,600,803,130.77488376919885,119.73865504358655,111.43178704856787,120.64844195378441,65.33009338378906,0.1550373599003736,0.735405328451602,51.68684387207031,50.39615249633789,full,0.5,0
1786.full.jpeg,vide,0.15655517578125,0.13916560021391655,0.00020936116078777332,1024054,2048,1536,185.33495648701987,185.03094291687012,171.9521573384603,180.77268558078342,83.4101333618164,0.1594421068827311,0.5829980789612127,47.10783386230469,27.37176513671875,full,0.6231939698590172,0
1940.full.jpeg,vide,0.8297838922129309,0.03327569078014997,0.000315154721270974,1211592,3264,2448,33.641785285907666,34.14570567810458,26.270083922049213,31.352524962020485,40.25121307373047,0.007427281574394463,0.569933189872197,92.67414093017578,36.02745056152344,full,0.5787852647357599,0
2098.full.jpeg,vide,0.5261206724488314,0.01797350155063067,0.0001026038404464339,4801882,5312,2988,118.39859141636829,120.60482372512136,115.49441087643747,118.16594200597571,71.33356475830078,0.04827530503540266,0.8243569171154289,50.57102584838867,44.85689163208008,full,0.5,0
2481.full.jpeg,vide,0.7714395705177496,0.00805524823437314,0.000123372828059916,1663161,3264,2448,112.90582122861399,119.7631794011518,117.42860843786043,116.69920302254208,44.52398681640625,0.045800067882545176,0.7806682542798915,36.43771743774414,34.38035583496094,full,0.5,0
2594.full.jpeg,vide,0.48210090363375036,0.026986850409138483,0.0005467448499570677,529698,1918,814,92.00986708103497,93.91944734098018,92.49549784403798,92.80827075535105,46.64775466918945,0.1638928244767661,0.8198621474308558,56.92502212524414,46.38703536987305,full,0.5,0
3297.full.jpeg,vide,0.2564529718137255,0.007487774452397507,7.740932403543041e-05,2671083,2448,3264,140.68002040481224,130.64152221601466,124.86655523116109,132.062699283996,56.40540313720703,0.13462795759643728,0.8007997361777492,46.49787902832031,48.2152099609375,full,0.5,0
3832.full.jpeg,vide,0.5764814814814815,0.024807584755918932,0.0062421317666806544,59814,270,360,112.87878600823045,118.9135596707819,105.07608024691358,112.28947530864197,58.19407653808594,0.2774588477366255,0.8445035796662507,49.622108459472656,42.83591079711914,full,0.5,0
3f53a459-b46f-4e87-90ac-f9e43cc23320.jpeg,vide,0.5215317559153175,0.0562648864436915,0.0022855434039644566,44039,600,803,120.86505603985056,118.7461602324616,116.33366542133665,118.64829389788294,84.69408416748047,0.12109692818596929,0.7317091583576157,42.613624572753906,60.85498046875,full,0.5,0
401.full.jpeg,vide,0.54460625,0.004938133463599057,7.737369106492954e-05,1865576,4000,3000,135.22823675,129.29469341666666,126.66641341666667,130.3964478611111,43.71115493774414,0.03155425,0.8829193373465922,39.03369903564453,58.070350646972656,full,0.5,0
4080.full.jpeg,vide,0.6323662551440329,0.09048119905337891,0.004385363848156776,24837,360,270,70.08657407407408,63.20684156378601,56.62853909465021,63.3073182441701,47.822418212890625,0.09373971193415638,0.7828221084152354,69.6217269897461,38.17898941040039,full,0.5,0
4774.full.jpeg,vide,0.4731584362139918,0.09062573512114797,0.005085130533484677,60411,360,270,100.83077160493828,100.63523662551441,85.56141975308643,95.67580932784637,63.497562408447266,0.25359053497942385,0.826566360331514,72.72721099853516,37.93779373168945,full,0.5,0
5327.full.jpeg,vide,0.6342072605040538,0.04217490324815055,4.380244855687433e-05,10411338,10338,3168,95.04748640521095,95.33413600114122,85.16211471456683,91.84791237363967,67.7048110961914,0.11200157834389553,0.7923336912135948,75.56185150146484,36.82483673095703,full,0.5,0
86cd7cf4-726f-40c5-9788-89c890be3914.jpeg,vide,0.5639956011730205,0.05075113240134259,0.0014852200885874637,77107,600,682,125.28847262952101,119.72762218963832,109.9802761485826,118.33212365591397,61.50053024291992,0.19041911045943305,0.828713582999456,59.26508712768555,45.61980438232422,full,0.5,0
b196930b095e25ca605c619a1f5f2bb963b34fa9.temp.jpeg,vide,0.6722133333333333,0.020671116054875788,0.010760201229737284,15756,250,150,132.77565333333334,135.72802666666666,131.37530666666666,133.29299555555556,41.47452926635742,0.22966666666666666,0.8045905193317767,31.379680633544922,43.410587310791016,full,0.5,0
EXXitUDUcAA0iH4.jpeg,vide,0.6545074074074074,0.027505969177338833,0.0009695523278578487,79473,600,450,82.88065555555555,85.30474074074074,90.97514444444444,86.38684691358024,56.34678268432617,0.2010462962962963,0.8008427131961541,37.81333923339844,43.01992416381836,full,0.5,0
WhatsApp Image 2020-05-08 at 2.18.57 PM (1).jpeg,vide,0.41421152030217184,0.049546477261146,0.002611293845883446,58551,600,353,133.68838526912182,141.16729933899904,150.5157223796034,141.7904689959081,42.13698959350586,0.21705146364494807,0.7729715290970803,45.811500549316406,35.77391815185547,full,0.5,0
WhatsApp Image 2020-05-08 at 2.18.57 PM (3).jpeg,vide,0.38828414351851853,0.16098036548315423,0.0013087944034561438,100425,600,576,89.17018518518519,87.63221643518519,79.268515625,85.35697241512345,75.84281921386719,0.19225405092592593,0.7581789063971865,89.73271179199219,41.506710052490234,full,0.54578842257276,0
WhatsApp Image 2020-05-08 at 2.18.58 PM (5).jpeg,vide,0.5061791666666666,0.06361397067366904,0.0018361665580761714,39481,600,400,112.84837916666666,120.59770833333333,99.1039,110.84999583333334,65.31687927246094,0.25367708333333333,0.8579484098307582,79.425048828125,34.144718170166016,full,0.5,0
WhatsApp Image 2020-05-08 at 2.19.00 PM (1).jpeg,vide,0.5232248520710059,0.04312884905550411,0.0022769141603361555,49747,600,338,92.23770216962525,97.17570019723865,82.75539940828402,90.7229339250493,52.088279724121094,0.19678500986193295,0.8028372002258605,63.3228645324707,35.863800048828125,full,0.5,0
WhatsApp Image 2020-05-08 at 2.19.00 PM (6).jpeg,vide,0.3958787878787879,0.02317065682755695,0.0017934816219670577,32784,600,550,101.3311393939394,100.2057696969697,84.61017272727273,95.3823606060606,67.19292449951172,0.16478181818181817,0.7810380458806654,71.1890640258789,45.07989501953125,full,0.5,0
WhatsApp Image 2020-05-08 at 2.21.55 PM (4).jpeg,vide,0.3881875,0.04713791351831862,0.0012794346117525207,80361,600,800,95.48375416666667,94.12246041666667,90.82703541666666,93.47775,69.20849609375,0.10024583333333334,0.787798416535692,57.17940902709961,46.623023986816406,full,0.5,0
WhatsApp Image 2020-05-08 at 2.21.55 PM (6).jpeg,vide,0.5796851851851852,0.027652280518537017,0.0016321406151914627,81024,600,450,86.4734111111111,82.63038888888889,76.19605555555556,81.76661851851851,51.18769836425781,0.2031074074074074,0.7620232641923702,51.48666000366211,55.73123550415039,full,0.5,0
WhatsApp Image 2020-05-08 at 2.21.55 PM (8).jpeg,vide,0.6121154529307282,0.07273072145489201,0.001220263211915243,133578,563,1000,99.036,98.91754706927176,96.66223268206039,98.20525991711072,72.90621948242188,0.1733170515097691,0.7745232832278434,51.60166931152344,48.86323547363281,full,0.5,0
WhatsApp Image 2020-05-08 at 2.24.46 PM (2).jpeg,vide,0.46958579881656803,0.05569475507424286,0.0026580035440047253,30550,600,338,133.7642603550296,131.0704980276134,137.7374506903353,134.19073635765943,61.03046798706055,0.13053994082840237,0.8387652082579901,33.33785629272461,55.431304931640625,full,0.5,0
WhatsApp Image 2020-05-08 at 2.38.59 PM.jpeg,vide,0.73,0.03383281500329846,0.002120521585010761,41404,600,800,120.76163125,124.42959583333334,119.68786666666666,121.62636458333333,64.28532409667969,0.09729270833333334,0.8079733180951412,23.064973831176758,29.249521255493164,full,0.5,0
WhatsApp Image 2020-05-08 at 2.39.01 PM.jpeg,vide,0.5158703703703704,0.035369252559917554,0.001646618365861268,37665,600,450,121.41124074074074,114.85374444444444,106.23702222222222,114.16733580246914,57.360416412353516,0.1988,0.7890287595261385,41.89535903930664,43.4272575378418,full,0.5,0
WhatsApp Image 2020-05-09 at 10.19.13 AM (1).jpeg,vide,0.883518,0.005651262222872865,0.00408988961695765,25769,500,1000,104.895776,107.204074,106.103536,106.06779533333334,27.6699275970459,0.049473,0.6321735686892768,21.524160385131836,47.73031234741211,full,0.5,0
WhatsApp Image 2020-05-09 at 10.19.28 AM (11).jpeg,vide,0.7587513935340022,0.004646570058519702,0.002421149064258605,39914,600,598,107.5951198439242,106.30029542920848,102.98379877369008,105.62640468227424,30.054746627807617,0.08336538461538462,0.749318232984584,36.9359130859375,51.85544204711914,full,0.5,0
WhatsApp Image 2020-05-09 at 2.03.36 PM (1).jpeg,vide,0.7437073863636363,0.014791196016932424,0.0025097822220465594,89727,600,704,117.14505208333334,115.92431344696969,118.42059422348485,117.16331991792929,51.89591598510742,0.21813210227272728,0.7307895900134148,40.58394241333008,59.90158462524414,full,0.5,0
WhatsApp Image 2020-05-09 at 2.03.37 PM (6).jpeg,vide,0.6034075723830735,0.021000145581598486,0.0035601531537583124,24475,600,449,129.29189680772086,126.69398292501856,115.66496288047513,123.88361420440485,42.84795379638672,0.1100946547884187,0.7481322902070279,37.37789535522461,54.66440200805664,full,0.5,0
WhatsApp Image 2020-05-09 at 2.03.38 PM (1).jpeg,vide,0.5369229055258466,0.05010954402300424,0.002033275332851082,69069,600,748,127.3048462566845,127.7323774509804,135.81869875222816,130.285307486631,52.67915725708008,0.1235583778966132,0.7182074561469244,59.56736373901367,49.75499725341797,full,0.5,0
WhatsApp Image 2020-05-09 at 2.03.38 PM (3).jpeg,vide,0.5172910216718266,0.09873459080110816,0.0021003900724420248,52434,600,323,129.3281475748194,120.54814241486068,110.3121826625387,120.06282421740626,63.47775650024414,0.2753844169246646,0.8308338739824636,48.85728073120117,43.7541389465332,full,0.5,0
WhatsApp Image 2020-05-09 at 2.08.14 PM (6).jpeg,vide,0.4325340136054422,0.010854924647274548,0.001289849562808885,61402,600,686,121.54937074829932,122.99052478134111,113.87315354713314,119.47101635892452,54.01054000854492,0.15386661807580174,0.8116387902471967,54.770263671875,36.688228607177734,full,0.5,0
WhatsApp Image 2020-05-09 at 2.08.14 PM.jpeg,vide,0.6897655583972719,0.007230775041954684,0.0034468085106382977,29541,600,391,111.08002983802217,111.90061381074169,105.17064791133845,109.38376385336744,53.863525390625,0.10821398124467178,0.8018410928436784,41.98347473144531,46.286231994628906,full,0.5,0
WhatsApp Image 2020-05-09 at 2.08.15 PM (2).jpeg,vide,0.3757356532356532,0.05403062545919689,0.001876002299615722,84871,600,546,116.2799297924298,114.28088217338217,114.43187728937728,114.99756308506309,64.87885284423828,0.23998778998779,0.8325417236517071,57.488704681396484,52.02342224121094,full,0.5,0
WhatsApp Image 2020-05-09 at 3.57.59 PM.jpeg,vide,0.7496817895400126,0.0060700914979882874,0.00475873714373433,36301,600,529,106.65031821045999,114.1300472589792,105.0436483931947,108.60800462087796,52.83958435058594,0.0880166981726528,0.717557231790208,35.54777526855469,26.634925842285156,full,0.5,0
WhatsApp Image 2020-05-09 at 9.56.49 AM (2).jpeg,vide,0.6240843023255814,0.003333994348321848,0.0011211106674447891,59152,600,688,122.54007025193799,121.57711967054263,120.12266230620155,121.41328407622738,39.28575134277344,0.16607679263565892,0.8196886068642821,45.27545166015625,50.8359489440918,full,0.5,0
WhatsApp Image 2020-05-10 at 1.09.51 PM (1).jpeg,vide,0.6737713437268003,0.0077307045230183115,0.0016350842360360887,21433,600,449,146.5363697104677,142.88553080920565,135.0604528582034,141.4941177926256,33.253875732421875,0.11919450631031923,0.8001990499689849,29.602664947509766,38.63511657714844,full,0.5,0
WhatsApp Image 2020-05-10 at 3.38.05 PM (20).jpeg,vide,0.3647261345852895,0.03290440576112871,0.003931355121017366,42725,600,426,156.3600938967136,142.00086854460093,122.71307902973396,140.35801382368282,71.85206604003906,0.1288184663536776,0.7779061168327694,56.273380279541016,43.69279479980469,full,0.5,0
WhatsApp Image 2020-05-10 at 3.38.05 PM (7).jpeg,vide,0.5970982456140351,0.03197649803836709,0.0010847777384742365,106972,570,1000,102.91338771929824,97.1816649122807,84.18095614035087,94.75866959064328,54.20878601074219,0.18824912280701755,0.8059431292326115,72.9766845703125,45.494712829589844,full,0.5,0
WhatsApp Image 2020-05-10 at 3.38.05 PM.jpeg,vide,0.5686612702366127,0.00786060099672302,0.0015112160566706021,38838,600,803,134.80000830220007,131.7794375259444,133.3865711913657,133.32200567317005,38.87787628173828,0.1099948111249481,0.8097066880718337,37.02007293701172,54.75385665893555,full,0.5,0
WhatsApp Image 2020-05-10 at 4.32.46 PM.jpeg,vide,0.3565419501133787,0.05413313281267449,0.0027016209725835502,47012,600,441,97.57342781557067,106.05266061980348,107.96244142101285,103.86284328546233,61.407894134521484,0.17461640211640211,0.8068401864086014,63.289894104003906,40.056884765625,full,0.5,0
WhatsApp Image 2020-05-10 at 4.59.16 PM (11).jpeg,vide,0.40021870286576167,0.08753409401612505,0.0018486819582334817,48193,600,442,105.3155580693816,113.11575414781296,108.06043363499246,108.83058195072901,60.14540481567383,0.16590874811463047,0.8081646170517962,72.63197326660156,32.230281829833984,full,0.5,0
WhatsApp Image 2020-05-10 at 4.59.16 PM (4).jpeg,vide,0.6199930986887509,0.02827617336354088,0.0017543168020184498,58040,600,483,101.58521739130435,105.24106970324361,102.5131608005521,103.1131492983667,48.08065414428711,0.19900103519668738,0.8197663551202746,49.43674850463867,41.8810920715332,full,0.5,0
WhatsApp Image 2020-05-10 at 4.59.16 PM.jpeg,vide,0.48738307349665927,0.03740696644633819,0.002346819039844906,29330,600,449,94.95643652561247,101.16998886414254,101.58163697104678,99.23602078693392,54.95022201538086,0.15474758723088344,0.8022619791166792,59.31460189819336,40.5155143737793,full,0.5,0
WhatsApp Image 2020-05-10 at 5.07.36 PM (2).jpeg,vide,0.2859539717891611,0.10823758431110131,0.002166290319619614,35712,600,449,108.61744246473646,97.89498515219005,72.00050853749072,92.83764538480574,54.26283645629883,0.19057164068299925,0.831906209966651,106.96147155761719,25.91834259033203,full,0.5,0
WhatsApp Image 2020-05-10 at 5.07.37 PM (11).jpeg,vide,0.47974377394636014,0.03424923780487805,0.0011924136708615994,63253,600,696,123.74012691570881,126.30324712643679,121.23966714559387,123.76101372924649,76.11564636230469,0.1619971264367816,0.8192100785397836,51.33870315551758,44.60508728027344,full,0.5,0
WhatsApp Image 2020-05-10 at 5.16.14 PM (4).jpeg,vide,0.6249477244772448,0.01602585862243243,0.0014377796804575047,51373,600,542,105.20103013530135,98.4674200492005,89.14114698646986,97.60319905699058,39.22258758544922,0.14919280442804428,0.7338856446593908,40.982357025146484,56.71794128417969,full,0.5,0
WhatsApp Image 2020-05-10 at 5.16.17 PM.jpeg,vide,0.521343726800297,0.013658137560497989,0.00286820593718629,17389,600,449,152.58523014105418,150.44024498886415,155.56421677802524,152.86323063598118,47.71255874633789,0.06802152932442465,0.794848320680961,25.337434768676758,46.163307189941406,full,0.5,0
WhatsApp Image 2020-05-10 at 5.19.25 PM.jpeg,vide,0.5592045454545455,0.029758408286223937,0.0020563655057868236,37027,600,440,102.48170833333333,115.76439772727272,107.00552272727273,108.41720959595959,57.18128204345703,0.10671022727272728,0.8033255182589633,48.93119812011719,31.786991119384766,full,0.5,0
WhatsApp Image 2020-05-11 at 12.41.25 AM (7).jpeg,vide,0.33274671052631577,0.01729508439882524,0.0014843402107763098,48991,600,608,139.34296875,132.7501480263158,129.1263157894737,133.73981085526316,53.355472564697266,0.11403645833333333,0.8739338891789209,42.90983581542969,55.48390579223633,full,0.5,0
WhatsApp Image 2020-05-11 at 2.03.11 PM.jpeg,vide,0.5876854166666666,0.024596982300616292,0.0020295554005200734,67529,600,800,82.64772708333334,79.72794166666667,81.51315625,81.296275,54.5688362121582,0.143053125,0.7609695840093547,59.60289001464844,60.5919075012207,full,0.5,0
WhatsApp Image 2020-05-11 at 8.24.43 PM (13).jpeg,vide,0.6110528233151183,0.008264316913982508,0.001097353249475891,60539,600,915,110.92385063752278,109.80120036429872,96.49213479052823,105.73906193078324,37.333518981933594,0.0981448087431694,0.803307548787479,48.808719635009766,28.681821823120117,full,0.5,0
WhatsApp Image 2020-05-11 at 8.24.43 PM (4).jpeg,vide,0.4357368202573682,0.024810845982893626,0.0006839882058249914,79823,600,803,127.55979867164798,124.69369655458696,107.6437297633873,119.96574166320741,45.31707000732422,0.21145599833955997,0.8747367661607233,54.03740310668945,34.587162017822266,full,0.5,0
WhatsApp Image 2020-05-11 at 8.24.43 PM (5).jpeg,vide,0.26549724842767297,0.021238224670445796,0.0011294794126707054,63689,600,848,129.11564072327045,130.35162342767296,118.94244300314466,126.13656905136268,44.63739776611328,0.1596000393081761,0.8070972836799014,61.302860260009766,43.881431579589844,full,0.5,0
WhatsApp Image 2020-05-11 at 8.24.43 PM (8).jpeg,vide,0.48831006086645184,0.01660174469552632,0.0007902405294611547,65412,600,931,113.68044217687074,107.52433404940923,89.71445578231292,103.6397440028643,43.83821487426758,0.0934765485141425,0.8458980509911912,63.84957504272461,22.704038619995117,full,0.5,0
WhatsApp Image 2020-05-12 at 9.00.06 PM.jpeg,vide,0.874425,0.017603925163099155,0.0031097464966147064,37889,600,800,61.38870416666666,48.538866666666664,31.35475,47.09410694444444,43.331756591796875,0.031921875,0.6164115517473591,155.37367248535156,13.713449478149414,full,0.5326974277072483,0
WhatsApp Image 2020-05-12 at 9.01.11 AM (15).jpeg,vide,0.503301737756714,0.01427936479238233,0.0008744316194473592,57837,600,633,115.72736440231701,110.82974986835177,94.29253027909427,106.94988151658768,39.7341423034668,0.18290547656661402,0.8080493148446053,54.009605407714844,33.20757293701172,full,0.5,0
WhatsApp Image 2020-05-12 at 9.01.11 AM (6).jpeg,vide,0.7979013961605584,0.002322258384107379,0.0013540811116783946,47990,600,764,95.13936954624782,92.03118237347294,85.65541884816754,90.94199025596276,29.31527328491211,0.08209315008726004,0.7596432523081789,33.8947868347168,42.198158264160156,full,0.5,0
WhatsApp Image 2020-05-18 at 11.21.17 AM (4).jpeg,vide,0.7504166666666666,0.022043934727492387,0.002303426702687331,40039,600,444,105.12768393393394,103.4489527027027,103.43887387387387,104.00517017017017,42.79599380493164,0.16129504504504505,0.7928465770721179,51.84394073486328,50.108280181884766,full,0.5,0
WhatsApp Image 2020-05-19 at 10.25.03 AM (12).jpeg,vide,0.3387263099219621,0.12585012951897376,0.0012731978023498803,85092,600,598,75.17873188405797,77.17867614269788,78.31623745819398,76.89121516164994,58.438873291015625,0.21537486064659978,0.7852932874469944,87.41968536376953,50.45925521850586,full,0.5,0
WhatsApp Image 2020-05-19 at 10.25.03 AM (2).jpeg,vide,0.6230070690592714,0.020745071507906932,0.0022217049998942045,62646,600,613,114.85759923871669,106.44402664491571,93.65228928765633,104.98463839042958,49.08867645263672,0.14602773246329526,0.7425451651920426,50.981773376464844,49.8883171081543,full,0.5,0
WhatsApp Image 2020-05-19 at 10.25.03 AM (4).jpeg,vide,0.5597760770975057,0.04847395398008526,0.0012862633275477313,70081,600,588,131.90737528344673,133.40244897959184,131.8719501133787,132.39392479213907,66.01876068115234,0.17027919501133787,0.791510502017001,36.13539123535156,48.6914176940918,full,0.5,0
WhatsApp Image 2020-05-24 at 5.10.03 PM (11).jpeg,vide,0.6037477477477478,0.014806742603115297,0.0025167229617855487,52936,600,555,112.84399399399399,113.37453753753753,118.15964264264264,114.79272472472472,53.18819046020508,0.14993243243243243,0.795890942136783,38.076725006103516,57.68077850341797,full,0.5,0
WhatsApp Image 2020-05-24 at 5.10.03 PM (2).jpeg,vide,0.6165192307692308,0.0401306729013868,0.0012711126588890824,62466,600,520,97.14895833333334,91.24741025641026,81.28988141025641,89.89541666666666,61.01038360595703,0.19175320512820512,0.7926146620894126,51.06479263305664,33.89382553100586,full,0.5,0
WhatsApp Image 2020-05-24 at 5.10.03 PM (5).jpeg,vide,0.6647981366459628,0.012484521163113372,0.0011628352735218574,81904,600,644,150.9427406832298,144.42741200828158,131.78621894409937,142.38545721187026,37.93583297729492,0.26142857142857145,0.7085959427327697,32.72650146484375,23.62555694580078,full,0.5,0
WhatsApp Image 2020-05-24 at 5.10.03 PM (7).jpeg,vide,0.914921568627451,0.005004667652996229,0.0029838276541146983,35097,600,510,87.67606209150327,89.64828104575163,86.72835947712419,88.01756753812636,36.280521392822266,0.09469934640522876,0.7567419715930037,22.720199584960938,37.26417541503906,full,0.5,0
WhatsApp Image 2020-05-24 at 5.18.10 PM (5).jpeg,vide,0.7163148148148148,0.04461690872999916,0.0014952369468226214,62572,600,540,132.671762345679,122.61377160493826,119.07346604938272,124.78633333333333,51.8116340637207,0.1868070987654321,0.7544610749525856,34.44265365600586,42.71946334838867,full,0.5,0
WhatsApp Image 2020-05-24 at 5.18.11 PM (3).jpeg,vide,0.6371523453715234,0.028419819261693444,0.0015402567094515752,52258,600,803,120.5610502283105,119.22746367787464,114.15543171440432,117.98131520686316,59.03650665283203,0.16398090493980905,0.8166753814137345,51.16765594482422,50.42774963378906,full,0.5,0
WhatsApp Image 2020-05-24 at 5.18.11 PM (7).jpeg,vide,0.36510764662212325,0.03231215565196561,0.0019066327709729605,31372,600,449,123.04296956198961,107.89007795100223,97.43651818856719,109.45652190051968,58.278316497802734,0.15901633259094283,0.7922751725158507,64.46996307373047,50.624359130859375,full,0.5,0
WhatsApp Image 2020-05-24 at 5.18.11 PM.jpeg,vide,0.607260579064588,0.0829611942474892,0.0015217702663993125,37080,600,449,122.93156273199703,115.37907943578323,110.68632887899035,116.33232368225687,63.34904098510742,0.19894580549368968,0.7790895525985415,37.95965576171875,50.114662170410156,full,0.5,0
WhatsApp Image 2020-05-24 at 5.18.12 PM (4).jpeg,vide,0.6283852220838522,0.05214521452145215,0.0014046365661064993,62354,600,803,118.42555417185554,109.53636363636363,101.03805728518057,109.66665836446658,59.36383056640625,0.1845900788709008,0.8027411671027609,54.31724548339844,47.31409454345703,full,0.5,0
WhatsApp Image 2020-05-24 at 5.18.12 PM (6).jpeg,vide,0.46786666666666665,0.13711311380207772,0.0010748602138863253,75900,600,500,109.33981666666666,99.39719333333333,94.54873333333333,101.09524777777777,68.80316925048828,0.23503666666666667,0.786859061298833,61.801265716552734,57.48853302001953,full,0.5,0
WhatsApp Image 2020-05-24 at 5.24.31 PM (1).jpeg,vide,0.7318184818481848,0.017078789989189103,0.003130944831959417,42136,600,505,124.10212541254126,124.3093696369637,121.1919702970297,123.20115511551155,50.633323669433594,0.12393234323432344,0.7183176095016705,23.687349319458008,50.86071014404297,full,0.5,0
WhatsApp Image 2020-05-24 at 5.24.31 PM (13).jpeg,vide,0.6606240822320117,0.014375630615480708,0.0020584894946053377,33364,600,454,148.0674302496329,145.75741556534507,137.17816813509546,143.66767131669113,44.853797912597656,0.11005506607929516,0.7834900339399068,22.57774543762207,31.84345054626465,full,0.5,0
WhatsApp Image 2020-05-24 at 5.24.32 PM (7).jpeg,vide,0.717843137254902,0.021520653121437673,0.001658512314453935,48308,600,442,121.83993966817496,119.74811840120664,106.27839743589743,115.95548516842635,32.96846389770508,0.1666742081447964,0.7473380753605493,40.62250900268555,24.384300231933594,full,0.5,0
WhatsApp Image 2020-05-24 at 5.25.30 PM (4).jpeg,vide,0.5353674540682415,0.03578132446337739,0.0021903999246314005,47314,600,508,138.18022309711287,134.10071522309713,129.81429133858268,134.03174321959756,71.25431823730469,0.14250328083989502,0.7584025420662776,28.937047958374023,58.756591796875,full,0.5,0
WhatsApp Image 2020-06-29 at 8.55.44 AM (3).jpeg,vide,0.6810336239103363,0.01604387107707625,0.002483343428225318,51571,600,803,125.70712536322125,120.11863221253633,112.30362183478621,119.37645980351459,54.07378005981445,0.1856849315068493,0.7432730723790959,35.34042739868164,37.04271697998047,full,0.5,0
WhatsApp Image 2020-06-29 at 8.55.44 AM.jpeg,vide,0.6982108758821087,0.015983956985823708,0.001583262651964942,53244,600,803,142.45007471980074,140.70703611457037,134.2011913657119,139.11943406669434,48.17451095581055,0.1946212121212121,0.790137682845689,25.836524963378906,44.680641174316406,full,0.5,0
WhatsApp Image 2020-07-01 at 9.59.38 AM (1).jpeg,vide,0.5281440237564959,0.02769780546002442,0.002730883813306852,32529,600,449,148.55960653303637,134.53227171492205,126.59579064587973,136.56255629794606,39.35089111328125,0.1905011135857461,0.7896978037124488,46.3109245300293,42.215843200683594,full,0.5,0
WhatsApp Image 2020-07-06 at 9.41.53 AM (2).jpeg,vide,0.5561623748211731,0.034457552535907404,0.0015468964166829842,55135,600,466,142.21928111587982,127.55190271816882,120.41566881258942,130.06228421554601,50.267425537109375,0.20947782546494992,0.7867147847533552,45.88531494140625,34.47504425048828,full,0.5,0
WhatsApp Image 2020-07-06 at 9.41.55 AM (5).jpeg,vide,0.13225630538513974,0.053462879920279024,0.00355040642810427,48428,600,489,158.14839809134287,168.3315269256987,115.2888854805726,147.2562701658714,45.90187454223633,0.19197341513292435,0.8705231072977624,89.31690216064453,48.604286193847656,full,0.5,0
WhatsApp Image 2020-07-06 at 9.41.55 AM (6).jpeg,vide,0.30124124124124124,0.09927807458118729,0.0024115037661139064,61693,600,333,133.051991991992,135.29115115115115,99.84233733733734,122.72849349349349,62.53191375732422,0.33565565565565564,0.8761683335923063,74.5945816040039,30.92913246154785,full,0.5,0
WhatsApp Image 2020-07-06 at 9.41.56 AM (1).jpeg,vide,0.6990047233468286,0.04724165326409208,0.0016912487708947886,60703,600,494,143.91956140350877,141.19699730094467,135.84512483130905,140.3205611785875,50.732215881347656,0.20680161943319839,0.7399811011198848,26.94679832458496,34.97529602050781,full,0.5,0
WhatsApp Image 2020-07-11 at 5.13.05 PM (12).jpeg,vide,0.6968815104166667,0.029196237510968795,0.001180431075941066,48103,600,512,135.69819986979167,136.01939127604166,125.194375,132.30398871527777,38.70995330810547,0.1574267578125,0.8081715951300701,26.189990997314453,24.438011169433594,full,0.5,0
WhatsApp Image 2020-07-11 at 5.13.05 PM (14).jpeg,vide,0.4910950259836674,0.023281772369378586,0.0009710661910424098,21052,600,449,104.15273199703044,96.17983667409057,87.07330734966592,95.80195867359565,57.930580139160156,0.0915478841870824,0.782878751900988,56.18886947631836,23.675783157348633,full,0.5,0
WhatsApp Image 2020-07-11 at 5.13.05 PM (2).jpeg,vide,0.7130565371024735,0.0072404889587057404,0.0015534650901872788,35501,600,566,91.29101001177857,88.44578916372203,84.52236749116608,88.08638888888889,46.7978515625,0.08280329799764428,0.7666888562823057,37.42403030395508,56.402915954589844,full,0.5,0
WhatsApp Image 2020-07-11 at 5.13.05 PM (5).jpeg,vide,0.6377677224736048,0.009129474886723915,0.0010876320696084525,48053,600,663,99.19108597285067,97.11991452991452,84.25244595274008,93.52114881850176,43.038883209228516,0.11153217697335345,0.7909719878113665,51.876014709472656,44.73665237426758,full,0.5,0
WhatsApp Image 2020-07-11 at 5.13.05 PM.jpeg,vide,0.5260430586488493,0.040096959903040096,0.0022843350645432407,27709,600,449,131.08801039346696,125.21919450631032,116.4871974758723,124.2648007918832,57.64828109741211,0.1287268002969562,0.8225713893618636,50.48435592651367,38.729122161865234,full,0.5,0
WhatsApp Image 2020-07-11 at 5.39.58 PM (2).jpeg,vide,0.6778336755646818,0.001565581427533474,0.002533096106872531,28844,600,487,117.88077002053389,110.50845653661875,99.29828884325805,109.2291718001369,33.73577880859375,0.06347535934291582,0.7335257028096203,42.693702697753906,15.947571754455566,full,0.5,0
WhatsApp Image 2020-07-11 at 5.39.59 PM (11).jpeg,vide,0.7547867803837953,0.016386501593867172,0.002317043813192104,41133,600,469,125.49023454157782,122.27665245202559,113.23073560767591,120.3325408670931,38.85818099975586,0.13871712864250177,0.7373487372530169,30.061037063598633,27.38235855102539,full,0.5,0
WhatsApp Image 2020-07-11 at 5.39.59 PM (17).jpeg,vide,0.21678098676293622,0.06022544541068986,0.0011144902623774532,46738,600,554,162.95632370637784,157.07953971119133,134.9830354993983,151.67296630565585,61.708045959472656,0.1154482551143201,0.831130339045435,51.39717102050781,9.352103233337402,full,0.5,0
WhatsApp Image 2020-07-11 at 5.39.59 PM (2).jpeg,vide,0.6164777777777778,0.015503984277124986,0.0009944064636420136,37833,600,450,116.57984074074074,112.44251851851851,101.24223703703704,110.0881987654321,39.84236145019531,0.13342777777777778,0.7950193029010552,39.21946334838867,21.05472183227539,full,0.5,0
WhatsApp Image 2020-07-11 at 5.39.59 PM (6).jpeg,vide,0.3353563474387528,0.035992416288362326,0.0025925221196841405,27061,600,449,136.71177802524127,117.54889383815888,104.37174832962138,119.54414006434051,54.270347595214844,0.15342427616926504,0.8129829154817235,75.75286102294922,39.362369537353516,full,0.5,0
WhatsApp Image 2020-07-11 at 5.39.59 PM (8).jpeg,vide,0.5925349301397206,0.03926473972672798,0.0018399915077315027,54252,600,501,123.35190951430472,121.97462741184297,111.49432135728543,118.94028609447771,45.43744659423828,0.17035928143712575,0.8086493653388003,35.80734634399414,28.325143814086914,full,0.5,0
WhatsApp Image 2020-07-11 at 5.43.32 PM (4).jpeg,vide,0.5428302611367127,0.03340193300218729,0.0012651078730373884,42283,600,434,128.5347657450077,126.09400921658987,117.18392857142857,123.93756784434204,50.86623001098633,0.14500192012288787,0.8156958465136245,31.68497657775879,33.228431701660156,full,0.5,0
WhatsApp Image 2020-07-11 at 5.43.32 PM (6).jpeg,vide,0.4440866666666667,0.03386117024038212,0.0009430149535228344,47707,600,500,131.75739333333334,127.01104666666667,120.83829,126.53557666666667,65.12583923339844,0.14847666666666667,0.7676561409088808,38.05782699584961,43.694549560546875,full,0.5,0
WhatsApp Image 2020-07-11 at 8.43.05 PM (1).jpeg,vide,0.6389125,0.030847705947622997,0.0009438341327556862,36264,600,800,73.50158958333333,71.16885208333333,63.20521875,69.29188680555555,50.87004089355469,0.09744895833333334,0.793627532747944,59.9366455078125,50.1839714050293,full,0.5,0
WhatsApp Image 2020-07-12 at 6.25.08 PM (1).jpeg,vide,0.49551175656984786,0.02303992303992304,0.004083760535233296,37053,600,482,157.42776279391424,156.71834024896265,164.03528354080223,159.39379552789305,73.39305877685547,0.12075380359612725,0.7165714729153772,25.806060791015625,50.68918228149414,full,0.5,0
WhatsApp Image 2020-07-12 at 6.25.08 PM (3).jpeg,vide,0.814182658137882,0.01478660152841099,0.003724163614921482,38173,600,469,108.33302061122957,105.70974058280028,109.00566808813078,107.6828097607202,51.418006896972656,0.12947583511016347,0.7459412899963045,19.915874481201172,49.65560531616211,full,0.5,0
WhatsApp Image 2020-07-14 at 9.17.47 AM (4).jpeg,vide,0.5725966386554622,0.014259766878015048,0.001740155491313256,40315,600,595,132.66853781512606,134.65601120448179,144.05256022408963,137.1257030812325,55.03171920776367,0.09174649859943977,0.8099504587480519,30.189725875854492,33.54692840576172,full,0.5,0
WhatsApp Image 2020-07-14 at 9.17.48 AM (5).jpeg,vide,0.45910647405029426,0.0062897924416618145,0.0017964237349031313,33021,600,623,137.4796174424826,135.56479935794542,127.06705992509363,133.37049224184057,60.725406646728516,0.053311931514178706,0.8117886562299883,36.91535949707031,56.88050842285156,full,0.5,0
WhatsApp Image 2020-07-20 at 9.06.31 PM (2).jpeg,vide,0.5085412605588044,0.022304292798306948,0.002344245566617943,44463,600,513,156.69392137751788,156.83393112410656,153.04893762183235,155.52559670781892,57.89106750488281,0.14258609486679663,0.7911833073031602,28.778430938720703,43.03017807006836,full,0.5,0
WhatsApp Image 2020-07-24 at 9.06.58 AM (1).jpeg,vide,0.6995025983667409,0.024547745679255942,0.0030681949751070973,29924,600,449,131.15690794357832,132.7912583518931,130.1687453600594,131.37230388517693,49.008182525634766,0.1655400890868597,0.7863379397215552,23.392333984375,52.57713317871094,full,0.5,0
WhatsApp Image 2020-07-26 at 4.35.44 PM.jpeg,vide,0.7341697799916977,0.03759566977557128,0.0016903524697927752,51610,600,803,108.46181403071814,103.44091531755916,101.03711913657119,104.31328282828282,61.64187240600586,0.16549294312992943,0.7289954354863575,28.716524124145508,68.98081970214844,full,0.5,0
WhatsApp Image 2020-07-30 at 10.57.30 AM (3).jpeg,vide,0.2688750518887505,0.04486932632489966,0.0011851924507327758,73493,600,803,130.54004566210045,114.06607513491075,94.82995018679951,113.14535699460357,54.27911376953125,0.2562193856371939,0.7786400070863436,80.69139099121094,29.358394622802734,full,0.5,0
WhatsApp Image 2020-07-30 at 10.57.30 AM (4).jpeg,vide,0.2705632183908046,0.05119968370851763,0.0016391021854695806,77278,600,580,129.21933908045978,113.66043965517241,100.53656034482759,114.47211302681993,57.41899490356445,0.24675574712643678,0.7827649159907565,62.46536636352539,39.5885009765625,full,0.5,0
WhatsApp Image 2020-08-05 at 8.50.40 AM (1).jpeg,vide,0.6969648829431438,0.023942983588934572,0.002963532091210932,57091,600,598,124.64921962095875,126.26958472686734,121.80636287625418,124.24172240802676,47.62998580932617,0.15589046822742475,0.732213799597784,25.77058219909668,51.82748794555664,full,0.5,0
WhatsApp Image 2020-08-08 at 12.01.58 PM (1).jpeg,vide,0.5489518472395185,0.013812596832225764,0.002128947423347457,51919,600,803,134.17856164383562,133.90862391033625,116.17018472395185,128.0857900927079,35.145809173583984,0.1945620589456206,0.754591217068676,47.09075164794922,28.193862915039062,full,0.5,0
WhatsApp Image 2020-08-08 at 12.03.20 PM (1).jpeg,vide,0.7601450465243569,0.021280226063113278,0.0008879575201122379,56982,600,609,98.43838806787083,88.93851669403394,84.40778325123152,90.59489600437877,41.333126068115234,0.16439381499726327,0.770154192423018,45.94474411010742,40.68681335449219,full,0.5,0
WhatsApp Image 2020-08-08 at 12.03.20 PM.jpeg,vide,0.45167289331672894,0.025407119694972027,0.001076012604719084,47579,600,803,117.65205271897052,116.02006641760066,113.35872146118722,115.67694686591948,51.466732025146484,0.16622146118721462,0.8008655997670072,48.226375579833984,45.646034240722656,full,0.5,0
WhatsApp Image 2020-08-14 at 10.03.55 AM (1).jpeg,vide,0.8304794520547946,0.01833302723346943,0.002482399381434908,33132,600,803,123.14915317559154,120.26022415940224,124.8684205064342,122.75926594714267,49.63689041137695,0.06454545454545454,0.6949850277481587,17.95564079284668,54.30967330932617,full,0.5,0
WhatsApp Image 2020-08-17 at 10.31.20 PM.jpeg,vide,0.1202536231884058,0.02069291468025645,0.0050550736976533815,25064,600,414,145.51764895330112,166.80632850241545,127.31919082125604,146.5477227589909,61.61498260498047,0.08486714975845411,0.7978203389179451,97.2109146118164,23.13545036315918,full,0.5,0
WhatsApp Image 2020-08-20 at 7.38.12 AM (19).jpeg,vide,0.33134596695821183,0.0198278573675331,0.0026252176851298313,47114,600,686,158.14275267249758,155.64473760932944,140.14860787172012,151.31203271784904,33.82587814331055,0.08566569484936831,0.8045608396804252,45.230587005615234,42.74029541015625,empty,0.5,0
WhatsApp Image 2020-08-20 at 7.38.12 AM (2).jpeg,vide,0.6168098796180987,0.008658233997883158,0.0015426067998107736,33894,600,803,134.6322374429224,139.2596222498962,122.9607388958074,132.284199529542,36.446468353271484,0.08571087588210875,0.7694871025336142,35.31599807739258,20.6711368560791,full,0.5,0
WhatsApp Image 2020-08-20 at 7.38.12 AM (3).jpeg,vide,0.8435605170387779,0.003536991584852735,0.0016798187358387374,51482,600,851,120.95486290638465,122.44514688601645,115.86000195848023,119.75333725029377,32.61775588989258,0.06896886016451234,0.7970954320652083,22.343904495239258,31.37477684020996,full,0.5,0
WhatsApp Image 2020-08-20 at 7.38.13 AM (1).jpeg,vide,0.808296370967742,0.00322458060160196,0.0020003935200367286,44114,600,496,117.9890188172043,120.67269825268818,113.17389448924732,117.27853718637992,33.9118537902832,0.1492456317204301,0.7748646536407733,22.373146057128906,27.716293334960938,full,0.5,0
WhatsApp Image 2020-08-20 at 7.38.13 AM (4).jpeg,vide,0.35393438320209974,0.06295870133101132,0.0019281422693545889,70520,600,635,160.23373490813648,158.3653280839895,148.2455564304462,155.61487314085738,55.46537780761719,0.1782742782152231,0.7909873926940338,34.878604888916016,41.84071350097656,full,0.5,0
WhatsApp Image 2020-08-20 at 7.38.13 AM.jpeg,vide,0.6956496471564965,0.021454298163866712,0.0015032489574241103,72354,600,803,119.37145288501453,118.88092777085927,110.64980074719801,116.30072713435727,47.41154861450195,0.12603985056039851,0.7844841685603285,33.65179443359375,32.80487060546875,full,0.5,0
WhatsApp Image 2020-08-20 at 7.44.06 AM (10).jpeg,vide,0.42213386348575216,0.03995087415113423,0.002454526663910707,53652,600,503,131.04042412193505,133.44353876739564,118.62970841616965,127.70455710183344,56.91905975341797,0.17464546056991384,0.8629165675883482,45.71006774902344,40.44992446899414,full,0.5,0
WhatsApp Image 2020-08-20 at 7.44.06 AM (13).jpeg,vide,0.3901653944020356,0.04769887105194466,0.0010451937419024703,80058,600,655,121.06519592875318,125.90080152671756,109.07200508905852,118.67933418150976,56.77475357055664,0.2087290076335878,0.855585958644849,58.719573974609375,35.21147918701172,full,0.5,0
WhatsApp Image 2020-08-20 at 7.44.06 AM (14).jpeg,vide,0.3023056994818653,0.015759798145838482,0.0017668364792838424,44750,600,772,145.649408462867,166.84406735751296,177.325347582038,163.27294113413933,64.96373748779297,0.050144645941278064,0.7894996420956498,51.81978225708008,18.96405792236328,full,0.5,0
WhatsApp Image 2020-08-20 at 7.44.06 AM.jpeg,vide,0.4652178649237473,0.05129920692141312,0.0019666769788306004,51911,600,459,137.24560639070444,134.72151053013798,121.90242556281773,131.28984749455338,49.70548629760742,0.20323347857661583,0.8521706180865829,40.254920959472656,40.43403244018555,full,0.5,0
WhatsApp Image 2020-08-20 at 9.05.13 AM.jpeg,vide,0.6268990384615385,0.025935738947195013,0.0015883380689338722,63712,600,624,136.283421474359,136.86585737179487,133.43755876068377,135.52894586894587,48.89009475708008,0.16719551282051281,0.7968272312691279,28.288150787353516,56.891910552978516,full,0.5,0
WhatsApp Image 2020-08-21 at 9.54.56 AM (1).jpeg,vide,0.6615738678544915,0.025013762077409313,0.003292712949286066,29272,600,449,118.96296585003712,115.24795842613214,112.51972531551596,115.57688319722841,53.784339904785156,0.14996473645137343,0.7565447666132357,33.857818603515625,56.53367233276367,full,0.5,0
WhatsApp Image 2020-08-21 at 9.58.11 AM (2).jpeg,vide,0.45518489170628634,0.05977319944598338,0.0022314204438993648,75017,600,631,130.69079239302695,116.98797411516112,112.74385631273111,120.14087427363972,66.92076873779297,0.22698230322239832,0.791860464424707,56.062767028808594,71.57391357421875,full,0.5,0
WhatsApp Image 2020-08-22 at 5.36.24 PM.jpeg,vide,0.5043033648790747,0.0032005540140281593,0.003428414701042238,32525,600,634,143.22179547844374,148.31383806519455,154.58897476340695,148.70820276901506,39.01686477661133,0.04117770767613039,0.7989282393707604,38.121238708496094,44.42164993286133,full,0.5,0
WhatsApp Image 2020-08-22 at 5.36.25 PM (3).jpeg,vide,0.6336415094339622,0.013059487297239672,0.0027839380927664795,45248,600,530,111.53608805031446,111.60517295597484,103.37454716981132,108.83860272536688,48.300025939941406,0.13623427672955976,0.7667704144737756,42.86808776855469,50.65945053100586,full,0.5,0
WhatsApp Image 2020-08-25 at 12.56.49 PM (4).jpeg,vide,0.6024497574497575,0.008520107453590473,0.0010911499941545536,24199,600,481,128.83429313929315,122.18133402633403,112.35285862785862,121.1228285978286,38.49667739868164,0.05226957726957727,0.8015403788734886,35.402976989746094,27.798107147216797,full,0.5,0
WhatsApp Image 2020-08-25 at 12.56.49 PM (6).jpeg,vide,0.31879742547425477,0.0,0.00064231576242881,14920,600,492,118.6696985094851,109.07427845528456,94.32485094850948,107.35627597109304,15.492644309997559,0.0055470867208672085,0.8344197605399307,52.66807174682617,7.126057147979736,full,0.5,0
WhatsApp Image 2020-08-25 at 12.56.50 PM (7).jpeg,vide,0.7876825068870523,0.0,0.002058768482126146,16645,600,484,121.10636363636364,123.17465909090909,112.2086191460055,118.82988062442608,28.614255905151367,0.009154614325068871,0.8326789012765773,26.078292846679688,18.260358810424805,full,0.5,0
WhatsApp Image 2020-08-27 at 3.44.11 PM (17).jpeg,vide,0.24753216374269005,0.011635712687402103,0.0020273835643069404,28519,600,570,133.83119883040936,140.2587485380117,129.83197368421054,134.6406403508772,57.285308837890625,0.046580409356725146,0.7955719522498049,53.50004577636719,37.21821212768555,full,0.5,0
WhatsApp Image 2020-08-27 at 3.44.11 PM (2).jpeg,vide,0.6122536095417451,0.02768576884727832,0.0008888248294417219,44966,600,531,95.83599497802888,91.28318581293158,81.7228091650973,89.61399665201925,40.1867561340332,0.10878844946641557,0.7703639845808371,42.80476760864258,14.021463394165039,full,0.5,0
WhatsApp Image 2020-08-27 at 3.44.11 PM (3).jpeg,vide,0.8368221393034826,0.0006547257166908292,0.002258100937111889,25192,600,536,85.37258084577114,82.40377487562189,75.38778606965174,81.05471393034826,19.8001651763916,0.0409452736318408,0.7390368441167444,30.509523391723633,11.869011878967285,full,0.5,0
WhatsApp Image 2020-08-27 at 3.44.12 PM (6).jpeg,vide,0.4506829992576095,0.04120177519494228,0.0013323112863191707,25613,600,449,104.35615812917595,114.52158129175946,93.92855605048256,104.26876515713933,57.580955505371094,0.12233667409057164,0.8591241748592868,70.88688659667969,24.391061782836914,full,0.5,0
WhatsApp Image 2020-08-27 at 3.47.00 PM (1).jpeg,vide,0.5322762762762763,0.0452798009969,0.0007997714938588975,38178,600,555,126.96975675675675,123.1656876876877,113.64716216216216,121.26086886886887,50.03548049926758,0.08383033033033033,0.7842684481336014,33.044654846191406,10.057455062866211,full,0.5,0
WhatsApp Image 2020-08-27 at 3.47.00 PM (6).jpeg,vide,0.4260393466963623,0.028243181509513167,0.0014191607887992204,25416,600,449,119.54135486265776,114.66541202672606,111.14513363028954,115.11730017322445,65.36600494384766,0.12414439495174462,0.8390043135770844,53.02995300292969,51.01741409301758,full,0.5,0
WhatsApp Image 2020-08-27 at 3.47.00 PM.jpeg,vide,0.29345775462962964,0.0330125365761993,0.0016601870337291163,44018,600,576,125.16028356481482,137.46017939814814,119.87860821759259,127.49969039351852,55.71334457397461,0.09911892361111112,0.8565425840972936,60.2459716796875,31.1724853515625,full,0.5,0
WhatsApp Image 2020-08-27 at 3.47.01 PM.jpeg,vide,0.48197847067557537,0.02655311241870548,0.0022781205505457997,18399,600,449,112.81619153674833,117.14959539717891,109.66079435783222,113.20886043058648,70.39798736572266,0.07908129175946547,0.8122354701625225,57.572105407714844,38.202232360839844,full,0.5,0
WhatsApp Image 2020-08-31 at 9.28.16 AM (2).jpeg,vide,0.6078884826325411,0.018984273264549736,0.0015379698797587185,49493,600,547,100.63049360146252,102.60705971968312,99.57549360146253,100.93768230753605,47.052757263183594,0.12989031078610602,0.8383129670512998,47.76533889770508,54.8696174621582,full,0.5,0
WhatsApp Image 2020-08-31 at 9.29.10 AM.jpeg,vide,0.5263807444741584,0.021483163478061815,0.00034062497871093883,269039,1412,1286,134.0031588825398,129.02408207367202,117.53262251133364,126.85328782251516,41.212738037109375,0.15619148687764067,0.8270031357534217,44.42977523803711,32.70827865600586,full,0.5,0
WhatsApp Image 2020-09-20 at 7.01.06 PM (2).jpeg,vide,0.5744695861204013,0.02204150483168763,0.0006154168467088293,228198,1196,1600,132.9190389841137,131.62398986204013,127.69015363712374,130.74439416109254,61.204193115234375,0.1121511810200669,0.7904735342697701,27.810766220092773,54.62664794921875,full,0.5,0
WhatsApp Image 2020-09-20 at 7.02.49 PM (3).jpeg,vide,0.5526463210702341,0.023871098959668983,0.0007564905277728597,293672,1600,1196,121.96359636287626,117.6582566889632,110.67105037625419,116.76430114269789,56.522064208984375,0.16280152591973243,0.764993565155395,46.73331832885742,60.513160705566406,full,0.5,0
WhatsApp Image 2020-09-21 at 8.53.15 AM (2).jpeg,vide,0.5491424540133779,0.0458001203316258,0.00026660572821450335,323292,1196,1600,143.9188242056856,139.33461486204013,137.63794680183946,140.2971286231884,50.272613525390625,0.19709840091973244,0.7807169214708756,28.94809341430664,70.57923126220703,full,0.5,0
WhatsApp Image 2020-09-24 at 8.52.37 AM (4).jpeg,vide,0.7207828177257525,0.006487799274684521,0.0007351666262093838,212581,1196,1600,132.30252299331104,124.7843102006689,120.13759510869565,125.74147610089186,42.48493194580078,0.10048259824414715,0.7534768013415796,34.01256561279297,57.27248764038086,full,0.5,0
WhatsApp Image 2020-09-24 at 8.52.38 AM (1).jpeg,vide,0.7377372400756144,0.01648393063618671,0.0006542781451856033,225726,1150,1380,116.81002079395086,117.05280025204789,109.09159483301828,114.318138626339,43.9266242980957,0.14344770006301197,0.7284397914026645,31.84170150756836,44.37248229980469,full,0.5,0
WhatsApp Image 2020-09-24 at 8.52.38 AM (3).jpeg,vide,0.5755622909698996,0.01106853415953245,0.00047238684187924073,237580,1600,1196,144.4296969063545,143.122352111204,133.91914402173913,140.4903976797659,42.743751525878906,0.13062160326086958,0.7575177564739228,33.138458251953125,37.46691131591797,full,0.5,0
WhatsApp Image 2020-09-25 at 11.46.57 AM (4).jpeg,vide,0.45272679765886287,0.017289857630412256,0.00033075916418597295,219869,1196,1600,128.91752299331102,119.17514266304347,112.01711852006689,120.0365947254738,56.8018684387207,0.12137855351170569,0.7888507890226252,48.283836364746094,47.47029113769531,full,0.5,0
WhatsApp Image 2020-09-27 at 6.53.57 PM (3).jpeg,vide,0.7426954248633321,0.002631045928595935,0.000635330632310208,112901,998,1176,117.02659144820252,121.02472547135086,110.22145822256759,116.09092504737366,46.23926544189453,0.05814562799067523,0.8212829410944879,39.93010330200195,27.029029846191406,full,0.5,0
WhatsApp Image 2020-09-27 at 6.53.58 PM.jpeg,vide,0.8198542015050168,0.0034114359297847683,0.0012270879668686248,181550,1196,1600,91.40092757107024,90.53233173076923,90.8817804138796,90.93834657190635,50.71102523803711,0.07317464464882943,0.7383145698331889,30.689191818237305,50.83308029174805,full,0.5,0
WhatsApp Image 2020-10-02 at 11.35.04 AM (1).jpeg,vide,0.29180280097425193,0.05329933688546519,0.00034370389585123456,393378,1437,1600,135.81077157272094,125.88998477731384,113.04412882741823,124.91496172581768,67.28038024902344,0.18339596381350035,0.8345518666217724,55.037479400634766,37.78367233276367,full,0.5,0
WhatsApp Image 2020-10-04 at 10.35.23 AM (18).jpeg,vide,0.605609229747676,0.026288131977129398,0.00035944796360116413,360002,1506,1600,122.26083789840638,113.16945177622841,105.17659528552457,113.53562832005312,47.7924919128418,0.137453104249668,0.8150481876753052,49.370338439941406,50.17982864379883,full,0.5,0
WhatsApp Image 2020-10-04 at 10.35.23 AM (19).jpeg,vide,0.4283989501312336,0.027474947574684588,0.0012741283283741512,214380,1270,1470,104.58070384059135,105.8843071401789,117.43019336868606,109.29840144981877,61.21761703491211,0.07969012801971183,0.848700105577011,81.99149322509766,55.89167404174805,full,0.5,0
WhatsApp Image 2020-10-04 at 10.35.23 AM (21).jpeg,vide,0.49729609375,0.012340120660697578,0.00043933344637819675,284791,1600,1600,135.062415234375,130.78649921875,120.659915234375,128.8362765625,47.67567825317383,0.09125078125,0.8196020206087904,50.188201904296875,50.52751922607422,full,0.5,0
WhatsApp Image 2020-10-04 at 10.35.23 AM (3).jpeg,vide,0.616259162808642,0.0030654566434556055,0.0007095742554467319,131057,1296,1600,151.22653356481482,152.02110918209877,146.14601851851853,149.79788708847735,38.90471649169922,0.021061197916666666,0.8239521881664164,30.049938201904297,42.83344650268555,full,0.5,0
WhatsApp Image 2020-10-04 at 10.35.23 AM (4).jpeg,vide,0.7865219511641885,0.009805823008675014,0.0019397918454135115,35065,606,582,120.5175620654849,118.11656346046976,111.82863234777086,116.82091929124184,38.91511535644531,0.07181761990632053,0.725122565021865,25.401226043701172,30.489002227783203,full,0.5,0
WhatsApp Image 2020-10-04 at 10.35.23 AM (6).jpeg,vide,0.6026156581564345,0.009952277273859354,0.0003027404061565289,197259,1382,1496,111.27435921744043,109.90411043051611,101.31320907852682,107.49722624216112,48.52854919433594,0.06933612643847172,0.7665187383253362,40.62968826293945,37.184852600097656,full,0.5,0
WhatsApp Image 2020-10-04 at 10.40.19 AM (2).jpeg,vide,0.6703507942511346,0.018283263373682156,0.000438687735738126,288655,1322,1600,124.99637102874432,122.48234918683812,116.03346019288956,121.170726802824,48.91181182861328,0.12980876512859305,0.768045171550718,36.05803680419922,36.80769729614258,full,0.5,0
WhatsApp Image 2020-10-04 at 10.40.20 AM (2).jpeg,vide,0.5512016143826821,0.04274152289019978,0.0016410207624800819,41253,460,474,106.72236745551275,95.79135938359934,81.94025866813429,94.81799516908212,47.34492874145508,0.22527976518070078,0.8167823603475894,73.73548126220703,50.0202751159668,full,0.5,0
WhatsApp Image 2020-10-04 at 10.40.20 AM.jpeg,vide,0.7629055183946488,0.027683729650778695,0.000498328718307939,319356,1196,1600,134.56129755434782,132.57560775501673,129.5290442098662,132.22198317307692,46.023319244384766,0.20532086120401338,0.7936389720259277,21.162076950073242,52.2745246887207,full,0.5,0
WhatsApp Image 2020-10-04 at 10.42.14 AM (2).jpeg,vide,0.3664935200668896,0.031286445659842566,0.0005793015910499749,341104,1196,1600,136.50892715301003,132.75226902173912,118.92712531354515,129.39610716276476,62.02559280395508,0.19819946697324414,0.8516951096603201,53.4039306640625,48.28614044189453,full,0.5,0
WhatsApp Image 2020-10-04 at 10.42.14 AM.jpeg,vide,0.5764156563545151,0.028991996631445336,0.000726244354772772,320265,1196,1600,136.79727633779265,128.78668007943145,117.78892819816053,127.79096153846154,52.185821533203125,0.20061872909698997,0.7557540780153622,46.27376937866211,51.08808517456055,full,0.5,0
WhatsApp Image 2020-10-06 at 1.33.53 PM.jpeg,vide,0.641235632183908,0.035537368080982124,0.011769245610650203,5377,144,145,131.47916666666666,128.55555555555554,120.71374521072796,126.9161558109834,42.43230056762695,0.25047892720306514,0.8328993783313048,35.82169723510742,51.991485595703125,full,0.5,0
WhatsApp Image 2020-10-06 at 3.11.10 PM (1).jpeg,vide,0.6485542879622345,0.08827017563675382,0.009074811863656485,5750,164,124,143.07872738001575,144.19989181746655,141.29174862313138,142.85678927353788,58.555091857910156,0.24572187254130606,0.8276893921321667,17.78840446472168,47.52458572387695,full,0.5,0
WhatsApp Image 2020-10-10 at 12.11.10 PM (11).jpeg,vide,0.5009281277074232,0.012314168288451853,0.000801386398469352,116422,1014,1070,113.52933510295121,122.4146297627606,127.39474921196704,121.11290469255961,58.00885772705078,0.06876071448321629,0.801560731823176,52.53054428100586,43.55936050415039,full,0.5,0
WhatsApp Image 2020-10-10 at 12.11.10 PM (13).jpeg,vide,0.6729626709756173,0.02188961274835466,0.0004759535296281072,284381,1376,1486,100.61874442470813,106.49561654903127,94.26379835832107,100.45938644402015,55.29533004760742,0.12983803288052834,0.7602230573778346,51.37602996826172,35.09309768676758,full,0.5,0
WhatsApp Image 2020-10-10 at 12.11.10 PM (6).jpeg,vide,0.6535931724287889,0.023528018337502003,0.0030906593406593405,32821,438,420,89.34670580560991,92.24657534246575,79.56566644922809,87.05298253243458,50.05751419067383,0.20428082191780822,0.8046208597206912,55.258731842041016,34.65091323852539,full,0.5,0
WhatsApp Image 2020-10-10 at 12.11.10 PM (8).jpeg,vide,0.6422141688099134,0.021781903998061267,0.0012303956952555942,70612,658,676,85.71369669610259,89.50294733907664,86.11094000107911,87.10919467875279,47.07413864135742,0.1572420010431467,0.8051977161489142,53.24515914916992,39.48809051513672,full,0.5,0
WhatsApp Image 2020-10-10 at 12.11.10 PM (9).jpeg,vide,0.5713144229760274,0.026812590313805538,0.0006052324529384972,195450,1218,1158,85.36257873407239,87.18448587820573,86.83768728145179,86.46158396457663,51.03012466430664,0.13558354674130982,0.7904069391138051,58.74160385131836,43.52045822143555,full,0.5,0
WhatsApp Image 2020-10-10 at 12.11.11 PM (3).jpeg,vide,0.484103783444816,0.04119665511743477,0.0005582970992207497,224826,1196,1600,111.68157033862876,115.84986517558528,125.37651390050168,117.63598313823857,57.804603576660156,0.0983520589464883,0.8213755518973286,60.318603515625,56.096580505371094,full,0.5,0
WhatsApp Image 2020-10-10 at 12.11.11 PM (6).jpeg,vide,0.2548880057803468,0.10029801856913695,0.00028981840346862023,518397,1600,1557,125.97441955684008,123.53334417148362,103.62668994861914,117.71148455898094,68.04646301269531,0.21986673089274245,0.8675044385136083,80.41826629638672,37.787845611572266,full,0.5,0
WhatsApp Image 2020-10-10 at 12.17.57 PM (13).jpeg,vide,0.4585956477732793,0.026543956409976425,0.00031462661144427177,369058,1482,1600,129.4354870951417,130.99878247300944,118.65832616396762,126.36419857737292,58.99660873413086,0.15217084176788123,0.7973958640416237,44.705848693847656,34.316375732421875,full,0.5,0
WhatsApp Image 2020-10-10 at 12.17.58 PM (1).jpeg,vide,0.2977471301020408,0.05435291186472931,0.0005578411547311903,370892,1600,1568,143.6174856505102,153.46013751594387,157.05032724808675,151.3759834715136,57.42079162597656,0.12565967793367347,0.8228910927164552,51.94315719604492,41.40353775024414,full,0.5,0
WhatsApp Image 2020-10-10 at 12.17.58 PM.jpeg,vide,0.5998740593645485,0.018086910169385798,0.0005440882716636545,326574,1196,1600,117.23475282190635,120.7425647993311,120.69122230351171,119.55617997491639,48.56581497192383,0.16595552884615383,0.8002439263946625,55.34364318847656,43.418338775634766,full,0.5,0
WhatsApp Image 2020-10-10 at 12.17.59 PM (1).jpeg,vide,0.511800178919974,0.03179269065853023,0.00042502051823191465,312224,1537,1600,131.9406075146389,131.1352899316851,117.43264842225113,126.83618195619171,57.81773376464844,0.09910540013012362,0.8070734382760765,50.67557907104492,25.338685989379883,full,0.5,0
WhatsApp Image 2020-10-15 at 8.31.55 AM.jpeg,vide,0.2694881109643329,0.004646476178844196,0.0008660939164368697,227758,1514,1600,148.34651543923383,127.8626642998679,109.66945467305152,128.62621147071775,45.97768020629883,0.05544934775429326,0.8478318695922147,88.2447509765625,52.282997131347656,full,0.5,0
WhatsApp Image 2020-10-15 at 9.23.28 AM (3).jpeg,vide,0.5032445469798658,0.021546669817676344,0.00046355492546423094,276179,1192,1600,122.70858378775168,119.47537594379195,113.25761849832215,118.48052607662193,72.46353149414062,0.1394790792785235,0.7401073288176585,49.92206954956055,52.12187194824219,full,0.5,0
WhatsApp Image 2020-10-15 at 9.23.29 AM (2).jpeg,vide,0.47572846989966555,0.05277732940162124,0.0004448633574393665,404148,1196,1600,103.69072951505017,102.68902121655519,94.65932326505016,100.34635799888517,69.1498794555664,0.24809286162207358,0.8211848244553211,67.05142211914062,49.67759323120117,full,0.5,0
WhatsApp Image 2020-10-20 at 7.14.11 PM (14).jpeg,vide,0.6013560546797311,0.049342546160423356,0.0016883432773890773,106925,796,758,117.33836895559593,111.20817643627106,105.95690855332069,111.50115131506256,79.39372253417969,0.18069486615133717,0.7690782344817162,40.36071014404297,63.10036087036133,full,0.5,0
WhatsApp Image 2020-10-20 at 7.14.11 PM (15).jpeg,vide,0.7097706110747511,0.05559298372852151,0.0004094869348074863,365360,1514,1316,98.7806741938463,97.7791022392824,93.81455302686577,96.79144315333149,59.541778564453125,0.19646822162350985,0.7472644135531723,53.00873565673828,59.35136413574219,full,0.5,0
WhatsApp Image 2020-10-20 at 7.14.11 PM (3).jpeg,vide,0.6430204849498328,0.017549922193533806,0.0009475257566860621,248850,1196,1600,122.95352581521739,117.00269335284281,107.02259824414716,115.65960580406912,54.173885345458984,0.11737092391304348,0.7314619508905433,39.496788024902344,48.23178482055664,full,0.5,0
WhatsApp Image 2020-10-20 at 7.14.11 PM (4).jpeg,vide,0.56327497909699,0.03849730815261089,0.00040506403694184017,261947,1196,1600,105.31721676421405,106.2919643603679,111.63541126672241,107.74819746376812,74.65003967285156,0.1332723662207358,0.6995139302732004,42.435707092285156,47.70058059692383,full,0.5,0
WhatsApp Image 2020-10-20 at 7.14.11 PM (8).jpeg,vide,0.6958961925287356,0.031589952136094036,0.0005731538353920236,356476,1392,1600,135.15975305316093,128.89012347341955,123.15708423132183,129.06898691930076,51.744808197021484,0.18646933369252874,0.7584580526792256,39.009521484375,45.036766052246094,full,0.5,0
WhatsApp Image 2020-10-20 at 7.17.23 PM (2).jpeg,vide,0.8536491429765887,0.005315991874911643,0.0006687903694186804,256879,1196,1600,138.2375235158863,140.55525658444816,142.07456730769232,140.28911580267558,32.633399963378906,0.1575060096153846,0.6988273205656715,17.570026397705078,39.78703308105469,full,0.5,0
WhatsApp Image 2020-10-20 at 7.17.23 PM (4).jpeg,vide,0.730777094765724,0.002632269457760822,0.0017025186466327964,54489,824,736,138.03151382439847,134.30254392676235,128.7676201720135,133.70055930772477,44.66516876220703,0.07039412067327987,0.74973963843581,21.94828987121582,33.3350715637207,full,0.5,0
WhatsApp Image 2020-10-20 at 7.17.23 PM (6).jpeg,vide,0.39993490415335464,0.036497670073795806,0.0004405587240872921,411931,1565,1600,124.01681869009585,118.31331190095847,100.38267971246006,114.23760343450479,65.23506164550781,0.15738678115015975,0.8572161071956212,82.39081573486328,52.9599723815918,full,0.5,0
WhatsApp Image 2020-10-20 at 7.28.06 PM (1).jpeg,vide,0.7927456103678929,0.008268857907857077,0.0007338460966819009,236553,1196,1600,143.16311716137125,140.88728574414716,137.1993060200669,140.41656964186177,31.40073013305664,0.13200590510033444,0.7241284694758398,21.928524017333984,44.312095642089844,full,0.5,0
WhatsApp Image 2020-10-20 at 7.29.51 PM (5).jpeg,vide,0.4619141931438127,0.0337137421147779,0.00037345401023703345,279992,1196,1600,135.13346258361204,130.26930863294314,128.27228783444815,131.22501968366777,56.89791488647461,0.17115854933110367,0.8003209278312905,41.64533615112305,57.61821365356445,full,0.5,0
WhatsApp Image 2020-10-20 at 7.31.29 PM (1).jpeg,vide,0.5401106266149871,0.004476670714490221,0.000219175757747156,364508,1548,1600,107.8016945251938,95.52944727067184,86.31336321059432,96.54816833548665,50.82860565185547,0.20976582687338502,0.8309978434742594,58.115840911865234,45.52494812011719,full,0.5,0
WhatsApp Image 2020-10-26 at 9.11.28 AM (8).jpeg,vide,0.4357609375,0.002683511449444159,0.000477150202610795,186463,1600,1200,127.50598489583334,106.555546875,84.23285,106.09812725694445,54.447750091552734,0.07748854166666666,0.8193660975370437,91.95808410644531,26.652828216552734,full,0.5,0
WhatsApp Image 2020-10-26 at 9.13.12 AM (10).jpeg,vide,0.73565625,0.011137122756439563,0.0006007369039354942,118404,1600,1200,84.954809375,85.71124270833333,91.5278265625,87.39795954861111,66.62669372558594,0.02819609375,0.746809123632811,33.30877685546875,39.25844955444336,full,0.5,0
WhatsApp Image 2020-10-26 at 9.13.12 AM (13).jpeg,vide,0.7082645833333333,0.026620710266772353,0.00029564014458476507,196312,1600,1200,83.29422604166666,79.74778802083334,74.6482609375,79.23009166666667,67.91658782958984,0.057984635416666666,0.7513911278854977,40.80815505981445,44.340450286865234,full,0.5300903935750325,0
WhatsApp Image 2020-10-26 at 9.13.12 AM (7).jpeg,vide,0.5478104166666666,0.016521901024134766,0.0004611607687821287,214021,1600,1200,112.73631979166667,98.04993333333333,86.32671666666667,99.03765659722222,47.68818283081055,0.10611822916666666,0.8015706359425244,71.8611831665039,40.89675521850586,full,0.5,0
WhatsApp Image 2020-10-26 at 9.19.14 AM (2).jpeg,vide,0.7344194188963211,0.004640142827199045,0.0008419807027125432,142306,1196,1600,117.00932849080267,113.76279316471572,113.31637280518395,114.69616482023412,62.221038818359375,0.04405596780936455,0.6877700516190407,20.776023864746094,53.936546325683594,full,0.5,0
WhatsApp Image 2020-10-26 at 9.19.14 AM (5).jpeg,vide,0.8089506062767475,0.0007643630624319511,0.0006045054158750525,141600,1402,1600,119.93687277104137,120.69391806348074,116.99594374108416,119.2089115252021,33.03137969970703,0.014249063837375179,0.7635311272970638,21.19525146484375,36.03080368041992,full,0.5,0
WhatsApp Image 2020-10-26 at 9.19.14 AM.jpeg,vide,0.7031986831103679,0.029034179301776857,0.0011,164074,1196,1600,124.71673808528428,120.41339255852843,112.29876463210702,119.14296509197324,67.02080535888672,0.07180575877926422,0.6936031162174421,42.35563659667969,36.55616760253906,full,0.5,0
WhatsApp Image 2020-10-26 at 9.19.15 AM (1).jpeg,vide,0.7130364616870573,0.005535362649531568,0.0003119864307873483,262083,1553,1600,129.22903412749517,132.52700016097876,120.34783000643915,127.36795476497102,40.31536102294922,0.08028573728267868,0.7539277828784541,35.27729034423828,25.072160720825195,full,0.5,0
WhatsApp Image 2020-10-26 at 9.19.15 AM (5).jpeg,vide,0.16928919394250674,0.017440731390328798,0.0008001536294968634,127613,1062,968,103.19580045446763,103.60543318391932,64.06080547384477,90.2873463707439,29.91716957092285,0.10118227731864096,0.8223294387072162,104.06839752197266,10.13463306427002,full,0.5,0
WhatsApp Image 2020-10-26 at 9.19.15 AM.jpeg,vide,0.6661690008361204,0.00925924009660736,0.0005606471469925286,198205,1196,1600,122.96766147575251,119.94786737040134,109.25874007107024,117.39142297240802,44.48824691772461,0.07993938127090301,0.7379893633628046,37.61536407470703,28.177988052368164,full,0.5,0
WhatsApp Image 2020-10-26 at 9.25.10 AM (3).jpeg,vide,0.3920241126348694,0.010750429297250728,0.0005154843570323962,152113,1504,1266,137.41730162431514,138.03909637491176,118.27233223253,131.2429100772523,67.00712585449219,0.03721802418406104,0.7538292142462142,52.90270233154297,21.60221290588379,full,0.5,0
WhatsApp Image 2020-10-26 at 9.25.10 AM (4).jpeg,vide,0.5855110785953177,0.008825794004330664,0.00041617475942550897,210929,1196,1600,117.2373118729097,123.83401964882943,107.57289820234114,116.21474324136008,43.66363525390625,0.09890860158862876,0.8229423725400677,55.47396469116211,28.004791259765625,full,0.5,0
WhatsApp Image 2020-10-26 at 9.25.11 AM (1).jpeg,vide,0.5212617074927954,0.0015972554248446932,0.000755922582117439,109713,1388,1600,163.46213976945245,164.52983699567724,155.6150495317003,161.20234209894332,60.8558349609375,0.013025261167146975,0.7230582506224744,22.340198516845703,24.18169593811035,full,0.5,0
WhatsApp Image 2020-10-26 at 9.25.11 AM (8).jpeg,vide,0.45464686761229317,0.006942023881000133,0.00044555286166451604,153629,1269,1600,128.4797035066982,122.43597123719464,110.99107269503546,120.63558247964276,49.464317321777344,0.03952792553191489,0.7971623843915165,53.281795501708984,40.417362213134766,full,0.5,0
WhatsApp Image 2020-10-27 at 9.33.26 AM (1).jpeg,vide,0.6523392116182573,0.0013823742458611702,0.0004302087184485598,183768,1446,1600,113.76545988934993,112.32372190525588,101.64090162517289,109.24336113992624,32.61529541015625,0.05087893326417704,0.7921096625185005,37.787498474121094,29.41633415222168,full,0.5,0
WhatsApp Image 2020-10-27 at 9.33.26 AM (10).jpeg,vide,0.5995301395103975,0.002637887085011413,0.0005573754461448198,144419,1160,1310,107.67514214266912,108.25397999473546,103.8420979205054,106.59040668597,42.23273468017578,0.0802911950513293,0.8075028275576099,35.69355010986328,50.909881591796875,full,0.5,0
WhatsApp Image 2020-10-27 at 9.33.26 AM (11).jpeg,vide,0.6458218270806673,0.01125467646607165,0.0002584228101200399,205091,1260,1414,109.73979704092858,109.36287240968994,101.66287240968995,106.92184728676949,44.0740852355957,0.10301660268067624,0.8252214996689742,35.38228988647461,37.593040466308594,full,0.5,0
WhatsApp Image 2020-10-27 at 9.33.26 AM (13).jpeg,vide,0.56566524419156,0.000928134268578003,0.0005348049512087367,143213,1406,1500,116.7925395922238,124.53083736367947,116.30909815078236,119.21082503556188,46.65842056274414,0.043790659080132764,0.8119766786639605,44.297935485839844,33.275272369384766,full,0.5,0
WhatsApp Image 2020-10-27 at 9.33.26 AM (16).jpeg,vide,0.3791105676094537,0.007747786852974184,0.0004291819550144773,178235,1392,1424,121.05026869026862,124.41517035548237,106.44678812717939,117.30407572431012,52.69482421875,0.06841991355094924,0.7825019708596124,53.214412689208984,24.199264526367188,full,0.5,0
WhatsApp Image 2020-10-27 at 9.33.26 AM (18).jpeg,vide,0.36045374936907465,0.0005175015889069697,0.001351986832823889,65021,1156,1138,141.13874961232295,142.3160244403768,137.67280513983738,140.37585973084572,46.95658874511719,0.015222024920792259,0.761597090211036,32.969154357910156,42.8686408996582,full,0.5,0
WhatsApp Image 2020-10-27 at 9.33.26 AM (7).jpeg,vide,0.838970528946944,0.0029226667396193466,0.0012029941186954198,96551,1060,936,99.49845690211257,103.61733288985647,96.98686502177068,100.03421827124657,42.8874626159668,0.07637377035961941,0.7496937060961321,26.49460792541504,25.62421226501465,full,0.5,0
WhatsApp Image 2020-10-27 at 9.34.54 AM (1).jpeg,vide,0.5195093815900939,0.0069162676039725415,0.00045187528242205153,117495,1090,1018,96.86395342549702,95.09205854256412,77.48337088372595,89.81312761726237,38.2784538269043,0.09169129972422992,0.8301215683449242,77.01451110839844,29.270038604736328,full,0.5,0
WhatsApp Image 2020-10-27 at 9.43.56 AM.jpeg,vide,0.6947510174966084,0.001355177164887435,0.0005860415556739478,94023,1222,982,94.0028299905667,91.23481421728594,85.37534791550695,90.20433070778653,34.70596694946289,0.03828820570598098,0.8040836369130063,47.86638641357422,54.18477249145508,full,0.5,0
WhatsApp Image 2020-11-02 at 7.23.13 PM (7).jpeg,vide,0.31788585103960154,0.00936006883059887,0.00045429186259663665,180760,1406,1524,104.21959879481636,124.35940224310511,131.4543720575113,120.01112436514425,53.31825637817383,0.06307636376534015,0.8277809088322475,78.7435302734375,37.6287956237793,full,0.5,0
WhatsApp Image 2020-11-02 at 7.23.13 PM (8).jpeg,vide,0.2718381747451515,0.03136498065599843,0.000464136931715269,291812,1204,1170,131.82424539285003,131.5668881506091,112.921521566289,125.43755170324938,65.45297241210938,0.2504841411818156,0.7729416403073563,60.14173889160156,31.735336303710938,full,0.5,0
WhatsApp Image 2020-11-02 at 7.32.00 PM (4).jpeg,vide,0.580675235504229,0.036955260121005126,0.001157383698301821,116566,996,868,124.60187755630818,128.18006125886032,126.45092582310811,126.41095487942553,60.98203659057617,0.11087148131697296,0.7608625269351202,32.86619567871094,38.354923248291016,full,0.5,0
WhatsApp Image 2020-11-02 at 7.32.00 PM (6).jpeg,vide,0.5978563041140852,0.015903407616056582,0.0016853492200360586,65454,862,656,125.58362217757909,127.99161585365853,124.89647055910814,126.15723619678192,44.50935363769531,0.0968261912172486,0.7682920205986593,35.816490173339844,39.86637878417969,full,0.5,0
WhatsApp Image 2020-11-02 at 7.32.00 PM (7).jpeg,vide,0.7955906083474423,0.00709361403224285,0.0002678009802761464,164846,1218,1158,125.93131879039508,140.56082198229777,137.79674343681847,134.76296140317044,26.28485107421875,0.12227638956243565,0.7856658917637164,31.643884658813477,18.231340408325195,full,0.5,0
WhatsApp Image 2020-11-02 at 7.32.01 PM (3).jpeg,vide,0.33391255822981364,0.07105943651845868,0.0003749369096546254,411683,1288,1600,129.61403872282608,131.3084816576087,137.85487723214285,132.92579920419254,55.20929718017578,0.2137422360248447,0.8315201300417322,78.28482818603516,47.9624137878418,full,0.5,0
WhatsApp Image 2020-11-02 at 7.32.01 PM (4).jpeg,vide,0.47834970735785953,0.04533979966055214,0.0006278694031641419,319953,1196,1600,109.0131877090301,108.08730037625418,97.196566680602,104.76568492196209,57.393680572509766,0.15739470108695652,0.8123223248272231,74.40414428710938,46.54315185546875,full,0.5,0
WhatsApp Image 2020-12-01 at 11.52.38 AM (1).jpeg,vide,0.4960885242474916,0.0707189932295554,0.0006011218286842598,258696,1196,1600,102.59193823160535,101.89022679765887,91.88893133361204,98.79036545429209,74.16048431396484,0.10694920568561873,0.79216611291477,68.9844970703125,45.449745178222656,full,0.5,0
WhatsApp Image 2020-12-01 at 12.05.38 PM.jpeg,vide,0.5864375,0.054590008281218766,0.0005395852798238562,207244,900,1600,98.59770555555555,95.72779236111111,87.92844444444444,94.08464745370371,68.72412872314453,0.13284756944444445,0.7580237368856994,57.36012649536133,42.35426330566406,full,0.5,0
WhatsApp Image 2020-12-01 at 12.45.25 PM (2).jpeg,vide,0.4659030100334448,0.033680198065048565,0.00042772171356011496,223024,1196,1600,107.57268551421404,99.88697324414716,95.41344429347826,100.95770101727982,74.02032470703125,0.115,0.7617179263628491,52.47031021118164,57.48142623901367,full,0.5,0
WhatsApp Image 2020-12-01 at 12.45.25 PM.jpeg,vide,0.6399008350730689,0.01664109739443991,0.00036873933289786973,265869,1437,1600,87.33689848643006,86.16901052540014,76.50436325678497,83.33675742287173,48.4922981262207,0.08371324808629088,0.7764565212696994,52.07221221923828,42.280696868896484,full,0.5,0
WhatsApp Image 2020-12-04 at 9.25.11 AM.jpeg,vide,0.4273895833333333,0.010893919344887112,0.0005551719001773842,213749,1600,1200,124.67867552083334,118.86524114583334,116.855203125,120.13303993055555,51.51091003417969,0.08101223958333334,0.8320487551686064,52.57067108154297,64.80589294433594,full,0.5,0
WhatsApp Image 2020-12-17 at 10.03.15 (1).jpeg,vide,0.5551703125,0.026787575203969117,0.0006342223691579011,139463,800,1600,124.4835375,129.48995703125,131.93879453125,128.6374296875,62.19004440307617,0.077403125,0.8057827331266805,40.831809997558594,40.263580322265625,full,0.5,0
WhatsApp Image 2020-12-17 at 10.28.20 PM (2).jpeg,vide,0.6244002612867747,0.03255498089289277,0.0008553611831576623,278370,899,1599,108.27734311141349,116.48664940059172,118.54805666222146,114.43734972474222,50.20241928100586,0.2406109630532431,0.7698718022703183,67.12515258789062,45.92190170288086,full,0.5,0
WhatsApp Image 2020-12-17 at 10.28.20 PM (4).jpeg,vide,0.2953527777777778,0.09769051816432821,0.000566826842059573,218663,1600,900,84.6198375,90.85524930555556,96.58839652777777,90.68782777777778,58.12214660644531,0.16097291666666666,0.7897411266757354,92.67412567138672,46.2728385925293,full,0.5,0
WhatsApp Image 2020-12-17 at 10.28.20 PM (5).jpeg,vide,0.5246055481004883,0.013680708542422962,0.0003695673598107815,187499,899,1599,114.7161233279142,135.58918985099837,138.35570479603143,129.55367265831467,52.32019805908203,0.16057171438489434,0.8170666164632996,48.10127639770508,15.112184524536133,full,0.5,0
WhatsApp Image 2020-12-17 at 10.28.59 PM (3).jpeg,vide,0.5643154335196984,0.03753952853401346,0.00032721778268248006,362399,899,1599,122.1647101462886,127.15779884674863,122.15148163375191,123.82466354226304,52.74065399169922,0.32782481542621533,0.7913785093682091,56.4028434753418,39.61659240722656,full,0.5,0
WhatsApp Image 2020-12-22 at 4.35.04 PM (1).jpeg,vide,0.23220301418439715,0.0,0.001385959626393492,15320,800,564,137.44139184397164,118.37816267730497,83.37240691489362,113.06398714539007,52.05686950683594,0.010949689716312057,0.793263668134044,96.33757781982422,3.318528175354004,full,0.5,0
WhatsApp Image 2020-12-22 at 4.35.04 PM (2).jpeg,vide,0.44635242474916387,0.010400715146332931,0.0017369443492172324,24323,800,598,112.4645045986622,92.3064339464883,76.8916868729097,93.88754180602007,41.92464065551758,0.04286266722408027,0.8129704908994982,81.99369812011719,50.33679962158203,full,0.5,0
WhatsApp Image 2020-12-22 at 4.35.04 PM.jpeg,vide,0.09510356454720617,0.0016576281592141616,0.0034122414160801876,17313,800,519,185.04647398843932,162.6894556840077,109.1617027938343,152.29921082209378,34.263458251953125,0.018233381502890174,0.8859596196266324,104.5521469116211,30.25811195373535,empty,0.5,0
WhatsApp Image 2020-12-25 at 1.00.10 PM (1).jpeg,vide,0.7628716216216216,0.0016519974630038962,0.0016117088469747788,45151,800,740,137.71133277027027,135.61150675675677,128.75881756756758,134.02721903153153,31.491853713989258,0.03320185810810811,0.762272460680035,19.727312088012695,36.65156173706055,full,0.5,0
WhatsApp Image 2020-12-25 at 1.00.10 PM.jpeg,vide,0.4882320926966292,0.018675430296174578,0.0005791912384161752,80450,712,800,135.30920470505617,126.60224367977528,114.25443644662921,125.38862827715356,52.561859130859375,0.13846295646067416,0.8095397442335835,47.49064636230469,18.395381927490234,full,0.5,0
WhatsApp Image 2020-12-26 at 4.28.25 PM (2).jpeg,vide,0.3789914330218069,0.11582571522303053,0.001118512872796381,128667,800,642,116.5788668224299,122.0961273364486,115.07331970404985,117.91610462097611,75.96266174316406,0.1987918613707165,0.7993520065471602,55.86863327026367,36.18315505981445,full,0.5,0
WhatsApp Image 2020-12-26 at 4.28.27 PM (1).jpeg,vide,0.18241944444444444,0.09477203307755346,0.002181574089612351,82329,450,800,137.52416666666667,134.82773333333333,141.70646666666667,138.01945555555557,68.04161834716797,0.15257083333333332,0.8041235209010595,57.48646545410156,51.099510192871094,full,0.5,0
WhatsApp Image 2020-12-27 at 12.28.47 PM (1).jpeg,vide,0.7101460727969349,0.03059385642958701,0.0009945900330023056,46972,800,522,101.85492097701149,108.2407016283525,101.15091475095785,103.74884578544061,53.531002044677734,0.18170498084291187,0.8033117746111493,34.13457489013672,28.853687286376953,full,0.5,0
WhatsApp Image 2020-12-27 at 12.28.47 PM (2).jpeg,vide,0.5913163860103627,0.018105522483919514,0.0012289022446667563,61666,800,772,139.44081768134714,134.85023801813472,126.40779468911917,133.566283462867,56.120849609375,0.18187661917098447,0.8172899684774942,30.520557403564453,61.31078338623047,full,0.5,0
WhatsApp Image 2020-12-27 at 12.31.46 PM (3).jpeg,vide,0.5591304347826087,0.018688736709756962,0.0019602631404080006,53713,598,800,116.57116011705686,127.91151546822742,122.4553762541806,122.31268394648829,44.9152946472168,0.16532817725752508,0.7651763554112634,55.26400375366211,35.600059509277344,full,0.5,0
WhatsApp Image 2020-12-27 at 12.39.22 PM (1).jpeg,vide,0.3168402306648575,0.07010022746193126,0.0012341817628511288,131461,800,737,128.4058446404342,130.94140264586161,111.26052747625509,123.53592492085029,56.21946334838867,0.2218648236092266,0.833908332697016,64.54653930664062,35.24381637573242,full,0.5,0
WhatsApp Image 2020-12-27 at 12.39.23 PM.jpeg,vide,0.5671613712374582,0.008819027018700317,0.003178623755245971,43316,598,800,120.80774247491638,139.46648411371237,143.47002508361203,134.58141722408027,36.89333724975586,0.13639736622073578,0.7728415294329118,60.2435302734375,29.184432983398438,full,0.5,0
WhatsApp Image 2020-12-30 at 9.06.18 AM (1).jpeg,vide,0.24023009950248755,0.01464729647929952,0.0028258296101118874,53057,603,800,173.30446932006635,186.87588930348258,165.94005597014925,175.37347153123272,52.908294677734375,0.11443718905472637,0.7747445519614258,54.666282653808594,31.104459762573242,full,0.5,0
WhatsApp Image 2021-01-11 at 9.15.37 AM (2).jpeg,vide,0.3875754716981132,0.008964731819316805,0.0008058608058608059,64360,800,795,96.01186477987422,110.1093679245283,109.96395125786164,105.36172798742139,64.30109405517578,0.06857311320754716,0.7258339722785353,46.42300033569336,20.42437744140625,full,0.5,0
WhatsApp Image 2021-01-11 at 9.15.37 AM (6).jpeg,vide,0.7171404682274247,0.0029032811364920496,0.0018363064008394543,40285,598,800,140.49373327759199,138.40128553511707,132.80909071906353,137.23470317725753,40.37822723388672,0.10977215719063545,0.7673924824077905,22.77005386352539,38.23045349121094,full,0.5,0
WhatsApp Image 2021-01-11 at 9.15.38 AM (3).jpeg,vide,0.5645807926829268,0.004315887263979722,0.0014243034808587508,50620,656,800,123.04442835365853,140.40364900914633,143.46997141768293,135.63934959349592,58.16630172729492,0.058686166158536585,0.7336193684518841,36.41828918457031,9.160429000854492,full,0.5,0
WhatsApp Image 2021-01-11 at 9.15.39 AM (5).jpeg,vide,0.5104744983277592,0.008823236420042978,0.0016275600162756001,43445,598,800,123.91476588628763,135.42556856187292,131.77026337792643,130.37019927536232,57.72176742553711,0.12798704013377926,0.7894127137597966,48.67222595214844,31.73973274230957,full,0.5,0
WhatsApp Image 2021-01-11 at 9.15.40 AM (1).jpeg,vide,0.5522240802675585,0.013144760892391853,0.001487156376746282,45285,598,800,135.4208758361204,145.13979096989968,140.44698787625418,140.3358848940914,56.393280029296875,0.13667851170568562,0.7851563979197794,41.8671989440918,31.772293090820312,full,0.5,0
WhatsApp Image 2021-01-11 at 9.15.40 AM (2).jpeg,vide,0.5139875173370319,0.008921806542292108,0.0006931335535630014,70171,721,800,124.35742198335645,139.2499687933426,135.1093047850208,132.90556518723994,54.72799301147461,0.07736477115117892,0.7737199855337176,40.59795379638672,26.775449752807617,full,0.5,0
WhatsApp Image 2021-01-11 at 9.38.36 AM (1).jpeg,vide,0.6117282321899736,0.0008748183970738217,0.0003759349762123903,42381,758,800,74.17642480211082,85.71957948548813,81.16253133245382,80.35284520668425,35.901885986328125,0.022684696569920844,0.7220157958332853,43.986083984375,11.966126441955566,full,0.5,0
WhatsApp Image 2021-01-11 at 9.38.36 AM (11).jpeg,vide,0.5520696107784431,0.00020714292543173366,0.0018116907337347471,23694,800,668,138.47539857784432,137.1843001497006,142.04093188622755,139.23354353792416,33.072330474853516,0.010572604790419162,0.7083572659834279,35.56484603881836,61.31474304199219,full,0.5,0
WhatsApp Image 2021-01-11 at 9.38.36 AM (3).jpeg,vide,0.623336255259467,0.006342153100383761,0.0013817266648572628,93041,800,713,120.1828909537167,126.68503856942496,119.86147615708275,122.24313522674147,50.747352600097656,0.1959186535764376,0.7378456467466143,39.381404876708984,29.818822860717773,full,0.5,0
WhatsApp Image 2021-01-11 at 9.38.37 AM (3).jpeg,vide,0.6866763727121464,0.00666232087416721,0.0012859920958534596,43857,800,601,95.58712146422629,105.27950499168053,104.04269758735441,101.63644134775375,35.91614532470703,0.06833922628951747,0.7557181022447648,36.7708740234375,24.458837509155273,full,0.5,0
WhatsApp Image 2021-01-11 at 9.38.37 AM (5).jpeg,vide,0.2357368827160494,0.03476895152378669,0.0009396937703830633,77702,800,648,160.4161323302469,159.19921489197532,153.81514660493826,157.8101646090535,50.15413284301758,0.1451273148148148,0.7839122471743621,40.573402404785156,56.383140563964844,full,0.5,0
WhatsApp Image 2021-01-11 at 9.46.04 AM (1).jpeg,vide,0.5493925925925925,0.02523899797670603,0.0014075760712067894,66483,675,800,150.01112962962964,141.55842777777778,136.2071222222222,142.59222654320988,55.252281188964844,0.10853055555555556,0.773796290988992,28.91554069519043,59.70539474487305,full,0.5,0
WhatsApp Image 2021-01-11 at 9.46.04 AM (2).jpeg,vide,0.5947998489425982,0.011846785520176935,0.0011472747811352726,52439,800,662,139.0982836102719,133.65395392749244,129.96702039274925,134.23975264350454,59.864498138427734,0.056667296072507554,0.7983698008568894,32.79631042480469,62.2140998840332,full,0.5,0
WhatsApp Image 2021-02-09 at 8.54.10 AM.jpeg,vide,0.7385535117056856,0.014230211683855506,0.001169424855593749,57180,598,800,150.764995819398,145.25485158862875,138.71658235785952,144.91214325529543,32.70779800415039,0.24584448160535116,0.6882901605270552,23.12245750427246,39.59787368774414,full,0.5,0
WhatsApp Image 2021-02-09 at 9.00.33 PM (5).jpeg,vide,0.4993976323119777,0.029466852153210626,0.0008129664486549433,113117,800,718,118.09857416434541,129.3787430362117,107.89564415041782,118.45765378365832,49.78221130371094,0.18796744428969359,0.8217145418680696,51.597076416015625,21.783245086669922,full,0.5,0
WhatsApp Image 2021-02-09 at 9.00.33 PM.jpeg,vide,0.6282266619519095,0.05920453257790368,0.0006982833866744254,98863,800,707,90.1902563649222,94.19293847241867,89.75660714285715,91.37993399339933,70.31900787353516,0.15079561527581328,0.8139190406878744,53.17430114746094,39.291954040527344,full,0.5,0
WhatsApp Image 2021-02-09 at 9.00.34 PM (3).jpeg,vide,0.6957127926421405,0.014729919585408388,0.0016956850870552612,29716,598,800,90.66354515050168,94.79670150501673,90.7520631270903,92.07076992753623,71.99333190917969,0.07269857859531773,0.7303725868165691,34.88636779785156,33.71057891845703,full,0.50031521451646,0
WhatsApp Image 2021-02-09 at 9.00.36 PM (1).jpeg,vide,0.8087395484949833,0.01844772063886564,0.001913294017017062,44687,598,800,140.31580058528428,137.53028428093646,130.533120819398,136.12640189520624,37.269615173339844,0.14194920568561872,0.7384604243615577,21.004987716674805,30.574481964111328,full,0.5,0
